stream,regime,seed,estimator,t0,delay,detected,pre_mean,pre_sd,post_min
synth,abrupt,42,cum,3000,9.0,1,0.5405589864255269,0.0007361494382784,0.374345998850267
synth,abrupt,42,win100,3000,23.0,1,0.5419686126245163,0.0309649742464163,-0.0242231238116902
synth,abrupt,42,win250,3000,12.0,1,0.5440497825842837,0.0169641278996952,0.1099789487483798
synth,abrupt,42,win500,3000,17.0,1,0.5425610721325177,0.0070120198286177,0.1557746336413644
synth,abrupt,42,fad0.99,3000,12.0,1,0.5425596541024195,0.0206184806313971,0.0512045372306305
synth,abrupt,42,fad0.95,3000,9.0,1,0.53922568794289,0.0616803728785381,-0.2051578935604816
synth,abrupt,42,fad0.9,3000,13.0,1,0.5363427433703998,0.0970870035713325,-0.3386876687912228
synth,abrupt,43,cum,3000,36.0,1,0.5380392589388316,0.0014273541556313,0.406398830339195
synth,abrupt,43,win100,3000,33.0,1,0.5137197433570273,0.0303776061861025,0.1064415436497981
synth,abrupt,43,win250,3000,48.0,1,0.5205414340464201,0.0184043593926965,0.1764526116297058
synth,abrupt,43,win500,3000,39.0,1,0.529426182105713,0.0113211120035267,0.2173089998926267
synth,abrupt,43,fad0.99,3000,33.0,1,0.5178796064389419,0.0181733897529401,0.1573360368493424
synth,abrupt,43,fad0.95,3000,36.0,1,0.51310395907662,0.0637877456035947,-0.054722512755621
synth,abrupt,43,fad0.9,3000,232.0,1,0.5108560737058452,0.1002398132629117,-0.2726831335126786
synth,abrupt,44,cum,3000,62.0,1,0.484157414318155,0.0027248142326205,0.2242088112937913
synth,abrupt,44,win100,3000,17.0,1,0.5199618385667972,0.0560197836584026,-0.2092410228204231
synth,abrupt,44,win250,3000,32.0,1,0.5148878595767098,0.0266504729418523,-0.1376859648791455
synth,abrupt,44,win500,3000,53.0,1,0.504799053628143,0.0127711832864544,-0.0973842242348297
synth,abrupt,44,fad0.99,3000,11.0,1,0.5169337561077773,0.0304235519673563,-0.1539585893188663
synth,abrupt,44,fad0.95,3000,6.0,1,0.5255565787803386,0.0666278158107132,-0.410790734522503
synth,abrupt,44,fad0.9,3000,6.0,1,0.5248476243623078,0.0961466576404159,-0.5724375303816557
synth,abrupt,45,cum,3000,8.0,1,0.3556062989083452,0.0007854733452195,0.1540614216349941
synth,abrupt,45,win100,3000,28.0,1,0.3413960550970231,0.0329044617209935,-0.1876857374432751
synth,abrupt,45,win250,3000,10.0,1,0.3508544833011475,0.0142657605340218,-0.1312051590483817
synth,abrupt,45,win500,3000,44.0,1,0.3657697596153701,0.0181250969455902,-0.1054854028571037
synth,abrupt,45,fad0.99,3000,8.0,1,0.34745603278037,0.0175271638128161,-0.1513650761331668
synth,abrupt,45,fad0.95,3000,6.0,1,0.3406007749142273,0.067650395088315,-0.3364335666397322
synth,abrupt,45,fad0.9,3000,29.0,1,0.3383302075032954,0.1046672423902897,-0.5217905955096266
synth,abrupt,46,cum,3000,5.0,1,0.4837730374395567,0.0007013000064534,0.153100483478373
synth,abrupt,46,win100,3000,9.0,1,0.4884179439377371,0.0279962444409757,-0.3522437021426234
synth,abrupt,46,win250,3000,2.0,1,0.4867752928600646,0.0100911004330996,-0.2858167273298241
synth,abrupt,46,win500,3000,16.0,1,0.4806878388351015,0.0073479638130851,-0.2390761621021948
synth,abrupt,46,fad0.99,3000,4.0,1,0.4863901767650666,0.0173966001623677,-0.3163774214990754
synth,abrupt,46,fad0.95,3000,4.0,1,0.4828876828474502,0.0612689893943867,-0.4386937315748871
synth,abrupt,46,fad0.9,3000,4.0,1,0.4762995939456401,0.0953590180870497,-0.5977574615990043
synth,gradual,42,cum,3000,135.0,1,0.5405589864255269,0.0007361494382784,0.3939880841648714
synth,gradual,42,win100,3000,347.0,1,0.5419686126245163,0.0309649742464163,0.0514476443930204
synth,gradual,42,win250,3000,320.0,1,0.5440497825842837,0.0169641278996952,0.1249135263908289
synth,gradual,42,win500,3000,139.0,1,0.5425610721325177,0.0070120198286177,0.1566970484785197
synth,gradual,42,fad0.99,3000,324.0,1,0.5425596541024195,0.0206184806313971,0.1034539011554699
synth,gradual,42,fad0.95,3000,518.0,1,0.53922568794289,0.0616803728785381,-0.1341365159710601
synth,gradual,42,fad0.9,3000,598.0,1,0.5363427433703998,0.0970870035713325,-0.3358085136511217
synth,gradual,43,cum,3000,181.0,1,0.5380392589388316,0.0014273541556313,0.4151129538048381
synth,gradual,43,win100,3000,218.0,1,0.5137197433570273,0.0303776061861025,0.0490644748168247
synth,gradual,43,win250,3000,224.0,1,0.5205414340464201,0.0184043593926965,0.1488023062907791
synth,gradual,43,win500,3000,218.0,1,0.529426182105713,0.0113211120035267,0.2060655374080673
synth,gradual,43,fad0.99,3000,215.0,1,0.5178796064389419,0.0181733897529401,0.1173876808357444
synth,gradual,43,fad0.95,3000,225.0,1,0.51310395907662,0.0637877456035947,-0.0572300069008519
synth,gradual,43,fad0.9,3000,1248.0,1,0.5108560737058452,0.1002398132629117,-0.1731506047366773
synth,gradual,44,cum,3000,376.0,1,0.484157414318155,0.0027248142326205,0.2668897553474142
synth,gradual,44,win100,3000,276.0,1,0.5199618385667972,0.0560197836584026,-0.1978281095653833
synth,gradual,44,win250,3000,252.0,1,0.5148878595767098,0.0266504729418523,-0.1239413412155878
synth,gradual,44,win500,3000,273.0,1,0.504799053628143,0.0127711832864544,-0.1023331290015792
synth,gradual,44,fad0.99,3000,239.0,1,0.5169337561077773,0.0304235519673563,-0.1368599739553206
synth,gradual,44,fad0.95,3000,239.0,1,0.5255565787803386,0.0666278158107132,-0.3496043597117828
synth,gradual,44,fad0.9,3000,559.0,1,0.5248476243623078,0.0961466576404159,-0.4894104268034714
synth,gradual,45,cum,3000,109.0,1,0.3556062989083452,0.0007854733452195,0.1865864194935424
synth,gradual,45,win100,3000,416.0,1,0.3413960550970231,0.0329044617209935,-0.2309803746292609
synth,gradual,45,win250,3000,232.0,1,0.3508544833011475,0.0142657605340218,-0.1345367301623869
synth,gradual,45,win500,3000,262.0,1,0.3657697596153701,0.0181250969455902,-0.1111991421793598
synth,gradual,45,fad0.99,3000,259.0,1,0.34745603278037,0.0175271638128161,-0.1606338201736219
synth,gradual,45,fad0.95,3000,565.0,1,0.3406007749142273,0.067650395088315,-0.3402878009239808
synth,gradual,45,fad0.9,3000,1001.0,1,0.3383302075032954,0.1046672423902897,-0.4621286943975814
synth,gradual,46,cum,3000,293.0,1,0.4837730374395567,0.0007013000064534,0.2110008740366703
synth,gradual,46,win100,3000,290.0,1,0.4884179439377371,0.0279962444409757,-0.3143529149961533
synth,gradual,46,win250,3000,278.0,1,0.4867752928600646,0.0100911004330996,-0.2400069515456997
synth,gradual,46,win500,3000,311.0,1,0.4806878388351015,0.0073479638130851,-0.1949580413930274
synth,gradual,46,fad0.99,3000,290.0,1,0.4863901767650666,0.0173966001623677,-0.2486205279905086
synth,gradual,46,fad0.95,3000,293.0,1,0.4828876828474502,0.0612689893943867,-0.4237159696860841
synth,gradual,46,fad0.9,3000,401.0,1,0.4762995939456401,0.0953590180870497,-0.581306910421445
synth,recurring,42,cum,1000,52.0,1,0.5451954225900977,0.0057304624715975,0.3710260263958217
synth,recurring,42,win100,1000,45.0,1,0.5458062151043619,0.0466269341330975,-0.0006785101459076
synth,recurring,42,win250,1000,20.0,1,0.5540786143911511,0.0178942913709587,0.0782039188556944
synth,recurring,42,win500,1000,46.0,1,0.5502298328146442,0.0085550850596242,0.1137162107964899
synth,recurring,42,fad0.99,1000,31.0,1,0.549850931217925,0.0283431971746549,0.0493214797069986
synth,recurring,42,fad0.95,1000,31.0,1,0.5443556407146928,0.0745700526858269,-0.2063914553267922
synth,recurring,42,fad0.9,1000,45.0,1,0.5426474236404024,0.1067499543872798,-0.3763906506047286
synth,recurring,43,cum,1000,77.0,1,0.5226835087880387,0.004036587209625,0.3964461578098374
synth,recurring,43,win100,1000,33.0,1,0.5342673295054601,0.028531827758527,0.0564800329583245
synth,recurring,43,win250,1000,61.0,1,0.53519571898669,0.0121876401043372,0.1701639481272033
synth,recurring,43,win500,1000,123.0,1,0.5255195337268733,0.0120716327836508,0.2038988598876067
synth,recurring,43,fad0.99,1000,31.0,1,0.5338378632903616,0.0170078207553143,0.1150270040299415
synth,recurring,43,fad0.95,1000,63.0,1,0.5318865145913328,0.0581234140679014,-0.0920921744872024
synth,recurring,43,fad0.9,1000,546.0,1,0.5319318045492287,0.0913473178751853,-0.1687709108119147
synth,recurring,44,cum,1000,52.0,1,0.4918045885383896,0.0106951934450466,0.2118749633338598
synth,recurring,44,win100,1000,63.0,1,0.4683327599541093,0.0749338859687994,-0.2168474244657837
synth,recurring,44,win250,1000,76.0,1,0.480483933817311,0.0525000893607072,-0.1421995393720038
synth,recurring,44,win500,1000,37.0,1,0.4932075444164078,0.0173291842363962,-0.1136220933859226
synth,recurring,44,fad0.99,1000,48.0,1,0.4759919189520887,0.0551470359374817,-0.1574797563919326
synth,recurring,44,fad0.95,1000,30.0,1,0.4617221115471805,0.0950348716863002,-0.3937589142103299
synth,recurring,44,fad0.9,1000,29.0,1,0.4572235121452447,0.1231125978378893,-0.5313103983182653
synth,recurring,45,cum,1000,15.0,1,0.369350941132047,0.008198561330348,0.1506146887283724
synth,recurring,45,win100,1000,23.0,1,0.3455239571901762,0.0566443193685985,-0.1715493849439116
synth,recurring,45,win250,1000,36.0,1,0.3621926783929963,0.0414466720387122,-0.108574081711677
synth,recurring,45,win500,1000,12.0,1,0.376106644308344,0.0181718132376766,-0.0777470108695747
synth,recurring,45,fad0.99,1000,24.0,1,0.3546305029234165,0.0447258232964688,-0.1307476865250416
synth,recurring,45,fad0.95,1000,23.0,1,0.332247637929709,0.0840132401678235,-0.2834475144148503
synth,recurring,45,fad0.9,1000,24.0,1,0.3239809870050281,0.1170489012504721,-0.4044452346477872
synth,recurring,46,cum,1000,54.0,1,0.4648658999017786,0.006656314069847,0.159061898885348
synth,recurring,46,win100,1000,33.0,1,0.4917221326617805,0.0432283279089635,-0.2984136508786824
synth,recurring,46,win250,1000,45.0,1,0.476718710186416,0.0255494365959058,-0.2339448307114941
synth,recurring,46,win500,1000,59.0,1,0.4690330983162343,0.0137905863731227,-0.2038900512978193
synth,recurring,46,fad0.99,1000,29.0,1,0.4836817035148851,0.0300704052797931,-0.2559234929027051
synth,recurring,46,fad0.95,1000,23.0,1,0.495437581384601,0.0876027716266212,-0.4349193268973323
synth,recurring,46,fad0.9,1000,34.0,1,0.4916230768773894,0.1269437345367548,-0.5988378078203571
real,real_cc,42,cum,3000,1496.0,1,0.7198504926783946,0.0099672754577303,0.6819426745723991
real,real_cc,42,win100,3000,3000.0,0,,,
real,real_cc,42,win250,3000,3000.0,0,,,
real,real_cc,42,win500,3000,1139.0,1,0.6927105730408444,0.141040744829361,-0.0034101985609383
real,real_cc,42,fad0.99,3000,3000.0,0,0.5584720073974195,0.2933348043109137,-0.0079048086492169
real,real_cc,42,fad0.95,3000,3000.0,0,0.3392899782154873,0.400345598021181,-0.0129806624091898
real,real_cc,42,fad0.9,3000,3000.0,0,0.266176702666637,0.3819851229744185,-0.011177093599843
real,real_cc,43,cum,3000,612.0,1,0.7671151870096208,0.0060144449403163,0.6892223468199554
real,real_cc,43,win100,3000,3000.0,0,,,
real,real_cc,43,win250,3000,1229.0,1,0.6809192226712406,0.0976603397224762,
real,real_cc,43,win500,3000,141.0,1,0.6818687191514332,0.0556747724200188,0.2937358690689011
real,real_cc,43,fad0.99,3000,1229.0,1,0.6499045127135636,0.1369783170696495,0.10165125307011
real,real_cc,43,fad0.95,3000,3000.0,0,0.4161414451034972,0.3146829242761265,-0.0182091258538307
real,real_cc,43,fad0.9,3000,3000.0,0,0.2668396496702228,0.3290824733360994,-0.0305896026089224
real,real_cc,44,cum,3000,81.0,1,0.7375437023462263,0.005950976223272,0.5980089450880433
real,real_cc,44,win100,3000,3000.0,0,,,
real,real_cc,44,win250,3000,3000.0,0,0.6083557492139348,0.2859572984026932,-0.0036174161585874
real,real_cc,44,win500,3000,51.0,1,0.716724938275471,0.0454471853761883,0.220045016492689
real,real_cc,44,fad0.99,3000,722.0,1,0.630721536445547,0.1648718157568754,0.0475230158727342
real,real_cc,44,fad0.95,3000,3000.0,0,0.3055947959589917,0.3265098573895629,-0.0250695467269038
real,real_cc,44,fad0.9,3000,3000.0,0,0.1856123637019173,0.30455700126825,-0.0444707939425432
real,real_cc,45,cum,3000,151.0,1,0.7363041248648037,0.0070343508917505,0.612412892499524
real,real_cc,45,win100,3000,3000.0,0,0.4892053971973812,0.4256623744595832,
real,real_cc,45,win250,3000,264.0,1,0.7651470310497193,0.1073866062739525,3.0033784833366845e-08
real,real_cc,45,win500,3000,76.0,1,0.7649375338225264,0.0297415926963219,
real,real_cc,45,fad0.99,3000,715.0,1,0.7536780077769462,0.1643377537522606,0.0341904027373426
real,real_cc,45,fad0.95,3000,3000.0,0,0.5263066753904706,0.3562733032078954,-0.0014074647758649
real,real_cc,45,fad0.9,3000,3000.0,0,0.3696784992093832,0.3987648125365354,-0.0077789868373181
real,real_cc,46,cum,3000,3000.0,0,0.5744500002983185,0.0044045457709913,0.5833994805254533
real,real_cc,46,win100,3000,3000.0,0,0.4737143245347281,0.3848826415343813,-0.0222044604925031
real,real_cc,46,win250,3000,3000.0,0,0.6173876972720329,0.1287186105904085,
real,real_cc,46,win500,3000,3000.0,0,0.5896236087380287,0.0871159453803602,0.4420607248801402
real,real_cc,46,fad0.99,3000,444.0,1,0.6302081225823578,0.0890989732552904,0.1823992704550329
real,real_cc,46,fad0.95,3000,3000.0,0,0.4123909168441987,0.3079627672016246,-0.0207556941226825
real,real_cc,46,fad0.9,3000,3000.0,0,0.2521356143639463,0.3215540143405487,-0.0249723384694511
real,real_iot,42,cum,3000,47.0,1,0.5979337319523541,0.0039403602402864,0.2809662718586358
real,real_iot,42,win100,3000,3000.0,0,0.5211220596397801,0.2159058464175323,-0.0916693015795131
real,real_iot,42,win250,3000,118.0,1,0.5485039691057352,0.0866303782152771,-0.0295225158752375
real,real_iot,42,win500,3000,46.0,1,0.589452150126351,0.0318561236547961,0.0092745797809513
real,real_iot,42,fad0.99,3000,80.0,1,0.5592354846460205,0.0985925774935944,-0.022925787959993
real,real_iot,42,fad0.95,3000,3000.0,0,0.5012497262157404,0.2388835459648706,-0.1411459137039948
real,real_iot,42,fad0.9,3000,3000.0,0,0.4404891053578624,0.2920444747848992,-0.2609046589489023
real,real_iot,43,cum,3000,78.0,1,0.5277215973485418,0.0026928667430098,0.357766821927486
real,real_iot,43,win100,3000,130.0,1,0.5518202365902495,0.0993844726024458,
real,real_iot,43,win250,3000,125.0,1,0.5554189101753659,0.0414919762375692,0.1734475670765433
real,real_iot,43,win500,3000,73.0,1,0.5682897142874652,0.0216178671790036,0.2076498744352776
real,real_iot,43,fad0.99,3000,89.0,1,0.5546780790625364,0.0610058165257456,0.1299353022537941
real,real_iot,43,fad0.95,3000,3000.0,0,0.5350877177794896,0.1852596882622595,-0.0360040254718746
real,real_iot,43,fad0.9,3000,3000.0,0,0.4996940068744157,0.2413310571196495,-0.161499677997388
real,real_iot,44,cum,3000,3.0,1,0.619101015627288,0.0049819494133479,0.1742939716323266
real,real_iot,44,win100,3000,6.0,1,0.5494572484300058,0.0867712131017917,-0.2033180238987416
real,real_iot,44,win250,3000,0.0,1,0.5911747142241113,0.0512823534449916,-0.1401637372869
real,real_iot,44,win500,3000,7.0,1,0.6242709975303057,0.043298703188271,-0.0622977716304306
real,real_iot,44,fad0.99,3000,2.0,1,0.5748435901518566,0.0613013153674191,-0.1424368080324792
real,real_iot,44,fad0.95,3000,7.0,1,0.5167698586582977,0.1371157170882719,-0.3587935359452422
real,real_iot,44,fad0.9,3000,184.0,1,0.4673493503619342,0.2107418482196177,-0.5069962194680432
real,real_iot,45,cum,3000,14.0,1,0.5935850201369139,0.0043232162636828,0.3391597025656672
real,real_iot,45,win100,3000,3000.0,0,,,0.0625050226148741
real,real_iot,45,win250,3000,42.0,1,0.5641183153276897,0.0670235691652059,0.158588046439717
real,real_iot,45,win500,3000,7.0,1,0.5835980985248661,0.0310074889596557,0.2117823505699085
real,real_iot,45,fad0.99,3000,31.0,1,0.5544181974070086,0.0641396688548974,0.1476036363910062
real,real_iot,45,fad0.95,3000,3000.0,0,0.4928762063061777,0.176170760083455,0.0033013179506703
real,real_iot,45,fad0.9,3000,3000.0,0,0.4222312543507149,0.2623353581390337,-0.1361919345800859
real,real_iot,46,cum,3000,74.0,1,0.6114252931867828,0.0049380839274423,0.4468740255564879
real,real_iot,46,win100,3000,176.0,1,0.564236601247939,0.099097645180747,-0.0357939971195777
real,real_iot,46,win250,3000,144.0,1,0.5641026035243675,0.0506336945239236,0.2639679178082602
real,real_iot,46,win500,3000,74.0,1,0.5702649933816502,0.020688161182504,0.3138912463884328
real,real_iot,46,fad0.99,3000,142.0,1,0.5648905287458822,0.0663472600210735,0.1992911087859643
real,real_iot,46,fad0.95,3000,3000.0,0,0.5521615622567947,0.1707747301991432,-0.094918335950185
real,real_iot,46,fad0.9,3000,3000.0,0,0.5133490355120714,0.2441581912874249,-0.156176113358866
