stream,regime,seed,estimator,oracle_post_mcc,tracking_gap,trace_sd,delay,detected
synth,abrupt,42,cum,0.20574358289610908,0.18216110669719474,0.00920626214128217,9.0,1
synth,abrupt,42,win100,0.20574358289610908,0.004198253977637623,0.057117198398403506,23.0,1
synth,abrupt,42,win250,0.20574358289610908,0.0012175364883042772,0.03381927567947681,12.0,1
synth,abrupt,42,win500,0.20574358289610908,0.009814277608775152,0.022783365756249167,17.0,1
synth,abrupt,42,fad0.99,0.20574358289610908,0.0010009755645539464,0.04137534601362451,12.0,1
synth,abrupt,42,fad0.95,0.20574358289610908,0.003627218335564536,0.10623052341576075,9.0,1
synth,abrupt,42,fad0.9,0.20574358289610908,6.712078002632516e-05,0.15878684844001306,13.0,1
synth,abrupt,43,cum,0.2786663184900163,0.13664973962858434,0.005855517992160839,36.0,1
synth,abrupt,43,win100,0.2786663184900163,0.03229918418330757,0.057319581994618216,33.0,1
synth,abrupt,43,win250,0.2786663184900163,0.02537586624036331,0.0316818256982104,48.0,1
synth,abrupt,43,win500,0.2786663184900163,0.016536097583906395,0.013742320864736778,39.0,1
synth,abrupt,43,fad0.99,0.2786663184900163,0.027837468852607516,0.036197912661025976,33.0,1
synth,abrupt,43,fad0.95,0.2786663184900163,0.029844942256426477,0.09060219914664255,36.0,1
synth,abrupt,43,fad0.9,0.2786663184900163,0.025191029239699014,0.1325468727876432,232.0,1
synth,abrupt,44,cum,-0.04171183500498354,0.29208897341560996,0.014488365402724194,62.0,1
synth,abrupt,44,win100,-0.04171183500498354,0.009072385824012048,0.06543867078635064,17.0,1
synth,abrupt,44,win250,-0.04171183500498354,0.011115653902073606,0.038437586383924055,32.0,1
synth,abrupt,44,win500,-0.04171183500498354,0.013540436043500751,0.02101583696234898,53.0,1
synth,abrupt,44,fad0.99,-0.04171183500498354,0.010552968262117907,0.04511507082116965,11.0,1
synth,abrupt,44,fad0.95,-0.04171183500498354,0.005627241370488319,0.10466969919922174,6.0,1
synth,abrupt,44,fad0.9,-0.04171183500498354,0.00391959377089398,0.1553275517735324,6.0,1
synth,abrupt,45,cum,-0.048637105623586564,0.22374752271446777,0.012194914156869331,8.0,1
synth,abrupt,45,win100,-0.048637105623586564,0.013410700577838705,0.057469189856099605,28.0,1
synth,abrupt,45,win250,-0.048637105623586564,0.01209190060649342,0.031037924213831784,10.0,1
synth,abrupt,45,win500,-0.048637105623586564,0.02045255986651106,0.017162356696793894,44.0,1
synth,abrupt,45,fad0.99,-0.048637105623586564,0.014334006660739952,0.03808253367497271,8.0,1
synth,abrupt,45,fad0.95,-0.048637105623586564,0.012220027007896407,0.09304734624114075,6.0,1
synth,abrupt,45,fad0.9,-0.048637105623586564,0.01063023210575962,0.1330940173029743,29.0,1
synth,abrupt,46,cum,-0.18180368100000432,0.36701570527659755,0.01930706586329116,5.0,1
synth,abrupt,46,win100,-0.18180368100000432,0.0017407658665793968,0.030999531519848644,9.0,1
synth,abrupt,46,win250,-0.18180368100000432,0.0038199237366784156,0.012858145217350094,2.0,1
synth,abrupt,46,win500,-0.18180368100000432,0.007320258113240913,0.009981351776955222,16.0,1
synth,abrupt,46,fad0.99,-0.18180368100000432,0.0036797252502737132,0.02018957647973207,4.0,1
synth,abrupt,46,fad0.95,-0.18180368100000432,0.005197885032824423,0.08152498594829358,4.0,1
synth,abrupt,46,fad0.9,-0.18180368100000432,0.006923812137571123,0.13361254741754144,4.0,1
synth,gradual,42,cum,0.1925242265006106,0.22051514542240255,0.011624450595402212,135.0,1
synth,gradual,42,win100,0.1925242265006106,0.0014613773305958977,0.0491902898035179,347.0,1
synth,gradual,42,win250,0.1925242265006106,0.00463464099312641,0.02451178811089406,320.0,1
synth,gradual,42,win500,0.1925242265006106,0.004613703920348877,0.013225860585269554,139.0,1
synth,gradual,42,fad0.99,0.1925242265006106,0.001807063853283386,0.03402149812767383,324.0,1
synth,gradual,42,fad0.95,0.1925242265006106,0.0010581662059250263,0.11470391345257326,518.0,1
synth,gradual,42,fad0.9,0.1925242265006106,0.0006107208023576616,0.16774703081051084,598.0,1
synth,gradual,43,cum,0.2556666181172621,0.1732197296596345,0.00880352509112383,181.0,1
synth,gradual,43,win100,0.2556666181172621,0.004140804295552913,0.07490921084619197,218.0,1
synth,gradual,43,win250,0.2556666181172621,0.006944951684052597,0.03496879591007192,224.0,1
synth,gradual,43,win500,0.2556666181172621,0.006487796062361217,0.01714549746508514,218.0,1
synth,gradual,43,fad0.99,0.2556666181172621,0.005223122860749219,0.04503581057966016,215.0,1
synth,gradual,43,fad0.95,0.2556666181172621,0.0016588656589311968,0.11181496081728448,225.0,1
synth,gradual,43,fad0.9,0.2556666181172621,0.0031514818276428547,0.15729244861042782,1248.0,1
synth,gradual,44,cum,-0.0275423692799534,0.3204380231437631,0.01580087166120722,376.0,1
synth,gradual,44,win100,-0.0275423692799534,0.01949399227404862,0.06217579196582366,276.0,1
synth,gradual,44,win250,-0.0275423692799534,0.016010893888123427,0.03542465581267493,252.0,1
synth,gradual,44,win500,-0.0275423692799534,0.009294560802881609,0.023590736405856766,273.0,1
synth,gradual,44,fad0.99,-0.0275423692799534,0.016396988802609473,0.042117869154673686,239.0,1
synth,gradual,44,fad0.95,-0.0275423692799534,0.014287978405558085,0.10793171098491953,239.0,1
synth,gradual,44,fad0.9,-0.0275423692799534,0.0103726713841908,0.15585034090067953,559.0,1
synth,gradual,45,cum,-0.0492837993083065,0.2576365920962846,0.013331852131652763,109.0,1
synth,gradual,45,win100,-0.0492837993083065,0.007317803848167388,0.049122813829182016,416.0,1
synth,gradual,45,win250,-0.0492837993083065,0.002701340609968607,0.03392908115212357,232.0,1
synth,gradual,45,win500,-0.0492837993083065,0.0025203626453460665,0.0194932400604287,262.0,1
synth,gradual,45,fad0.99,-0.0492837993083065,0.004003474844173384,0.037020501838827734,259.0,1
synth,gradual,45,fad0.95,-0.0492837993083065,0.008996429430281817,0.08618007699214414,565.0,1
synth,gradual,45,fad0.9,-0.0492837993083065,0.011903234778435738,0.12824588270353252,1001.0,1
synth,gradual,46,cum,-0.14952713656049055,0.3959300397091669,0.020989011945892536,293.0,1
synth,gradual,46,win100,-0.14952713656049055,0.0057172389954896485,0.05370878622752885,290.0,1
synth,gradual,46,win250,-0.14952713656049055,0.0003132282922466145,0.018878227931534836,278.0,1
synth,gradual,46,win500,-0.14952713656049055,0.00396530905834408,0.011840973061849733,311.0,1
synth,gradual,46,fad0.99,-0.14952713656049055,0.002856056277351887,0.03320269906535857,290.0,1
synth,gradual,46,fad0.95,-0.14952713656049055,0.011903918081788728,0.10080363097982611,293.0,1
synth,gradual,46,fad0.9,-0.14952713656049055,0.014127141552442934,0.1441674632191322,401.0,1
synth,recurring,42,cum,0.34629675326762005,0.04551445346391292,0.011653569576573923,52.0,1
synth,recurring,42,win100,0.34629675326762005,0.14553072596147618,0.09695631106103907,45.0,1
synth,recurring,42,win250,0.34629675326762005,0.11970567540026014,0.11448731278963323,20.0,1
synth,recurring,42,win500,0.34629675326762005,0.06768140752530022,0.13298929360346043,46.0,1
synth,recurring,42,fad0.99,0.34629675326762005,0.12791729368986435,0.09942247774616068,31.0,1
synth,recurring,42,fad0.95,0.34629675326762005,0.16102108017445177,0.12199441482533618,31.0,1
synth,recurring,42,fad0.9,0.34629675326762005,0.16775675847123964,0.16421563040492643,45.0,1
synth,recurring,43,cum,0.3787969870878665,0.029666230815090178,0.006546987703583907,77.0,1
synth,recurring,43,win100,0.3787969870878665,0.08846380142124577,0.07730839856273244,33.0,1
synth,recurring,43,win250,0.3787969870878665,0.06993826219708543,0.06694821585492751,61.0,1
synth,recurring,43,win500,0.3787969870878665,0.04090140125264985,0.06749755633912324,123.0,1
synth,recurring,43,fad0.99,0.3787969870878665,0.07615468073084153,0.05625369659590095,31.0,1
synth,recurring,43,fad0.95,0.3787969870878665,0.09993467784522919,0.10309213146646114,63.0,1
synth,recurring,43,fad0.9,0.3787969870878665,0.10619142264747572,0.1459639377325986,546.0,1
synth,recurring,44,cum,0.1889263671457779,0.050056780928026096,0.013574285739978403,52.0,1
synth,recurring,44,win100,0.1889263671457779,0.18260489918074024,0.10505263434211695,63.0,1
synth,recurring,44,win250,0.1889263671457779,0.1570996276121058,0.11685584247763425,76.0,1
synth,recurring,44,win500,0.1889263671457779,0.10230148258734731,0.14851952316397896,37.0,1
synth,recurring,44,fad0.99,0.1889263671457779,0.16434320642264785,0.09322040142143007,48.0,1
synth,recurring,44,fad0.95,0.1889263671457779,0.19457556796565176,0.13371470399816313,30.0,1
synth,recurring,44,fad0.9,0.1889263671457779,0.19905276481880135,0.1798098422630068,29.0,1
synth,recurring,45,cum,0.13707941748331334,0.04139397919010476,0.012274667616139611,15.0,1
synth,recurring,45,win100,0.13707941748331334,0.17444484804034754,0.0898170758091,23.0,1
synth,recurring,45,win250,0.13707941748331334,0.14102042359047476,0.11338873490233767,36.0,1
synth,recurring,45,win500,0.13707941748331334,0.08616229469815094,0.13270949417821626,12.0,1
synth,recurring,45,fad0.99,0.13707941748331334,0.15233464688534715,0.09149129460512323,24.0,1
synth,recurring,45,fad0.95,0.13707941748331334,0.18388116968864865,0.09301393404507684,23.0,1
synth,recurring,45,fad0.9,0.13707941748331334,0.1864168863372499,0.1238647366841531,24.0,1
synth,recurring,46,cum,0.1268427375921432,0.06411110017820412,0.018517487817533065,54.0,1
synth,recurring,46,win100,0.1268427375921432,0.25668369409819586,0.11454990538582283,33.0,1
synth,recurring,46,win250,0.1268427375921432,0.2168477569203924,0.14781209644860552,45.0,1
synth,recurring,46,win500,0.1268427375921432,0.1387119511679682,0.19701831265151842,59.0,1
synth,recurring,46,fad0.99,0.1268427375921432,0.2286695288055482,0.11953714956231543,29.0,1
synth,recurring,46,fad0.95,0.1268427375921432,0.27467796854596727,0.1302413900144504,23.0,1
synth,recurring,46,fad0.9,0.1268427375921432,0.28036964526376795,0.17571681884044335,34.0,1
real,real_cc,42,cum,0.5953107464490223,0.10308896115089305,0.010249923644348928,1496.0,1
real,real_cc,42,win100,0.5953107464490223,0.07885473370366902,0.3881516467857757,3000.0,0
real,real_cc,42,win250,0.5953107464490223,0.023097927662039552,0.26918776008991313,3000.0,0
real,real_cc,42,win500,0.5953107464490223,0.11033892733936002,0.129936184324672,1139.0,1
real,real_cc,42,fad0.99,0.5953107464490223,0.06360823809274074,0.185480994108048,3000.0,0
real,real_cc,42,fad0.95,0.5953107464490223,0.11331154383157227,0.365101287380586,3000.0,0
real,real_cc,42,fad0.9,0.5953107464490223,0.23492558701541189,0.3665912557154069,3000.0,0
real,real_cc,43,cum,0.5578091094783538,0.15392623125263294,0.011737105394786531,612.0,1
real,real_cc,43,win100,0.5578091094783538,0.343587176285098,0.3373036588741418,3000.0,0
real,real_cc,43,win250,0.5578091094783538,0.14999786842706014,0.24471557362268048,67.0,1
real,real_cc,43,win500,0.5578091094783538,0.02468170719959728,0.08578580214427534,141.0,1
real,real_cc,43,fad0.99,0.5578091094783538,0.12273728959445596,0.18750076421690667,1229.0,1
real,real_cc,43,fad0.95,0.5578091094783538,0.33687487277782746,0.28999464184209023,3000.0,0
real,real_cc,43,fad0.9,0.5578091094783538,0.39857902810267126,0.27558295255943716,3000.0,0
real,real_cc,44,cum,0.4440212276627969,0.17176880215117468,0.00836399422280004,81.0,1
real,real_cc,44,win100,0.4440212276627969,0.17711626479598142,0.30971550470395504,3000.0,0
real,real_cc,44,win250,0.4440212276627969,0.012567364537052816,0.16774802952956594,3000.0,0
real,real_cc,44,win500,0.4440212276627969,0.01300264488769648,0.05458008233762806,51.0,1
real,real_cc,44,fad0.99,0.4440212276627969,0.045564463770550734,0.17578386544086455,722.0,1
real,real_cc,44,fad0.95,0.4440212276627969,0.20847570074031804,0.28206090240557674,3000.0,0
real,real_cc,44,fad0.9,0.4440212276627969,0.27907698522332397,0.2672170618824273,3000.0,0
real,real_cc,45,cum,0.5213395284164083,0.10151272302248071,0.00639385736092669,151.0,1
real,real_cc,45,win100,0.5213395284164083,0.10868082500467474,0.32948367474234497,3000.0,0
real,real_cc,45,win250,0.5213395284164083,0.019648143137065532,0.14445343806149066,264.0,1
real,real_cc,45,win500,0.5213395284164083,0.025295612840161574,0.11430521339852001,76.0,1
real,real_cc,45,fad0.99,0.5213395284164083,0.0038605634351230877,0.1719877787344591,715.0,1
real,real_cc,45,fad0.95,0.5213395284164083,0.1508878475546498,0.2928115346056916,3000.0,0
real,real_cc,45,fad0.9,0.5213395284164083,0.2558755754872354,0.3024939436295546,3000.0,0
real,real_cc,46,cum,0.6832796823399206,0.053533826623706204,0.005786475534584298,3000.0,0
real,real_cc,46,win100,0.6832796823399206,0.21574397209499896,0.39374331595368955,3000.0,0
real,real_cc,46,win250,0.6832796823399206,0.014648814819061329,0.18848423810365939,2342.0,1
real,real_cc,46,win500,0.6832796823399206,0.025402047940552452,0.0652294383779008,3000.0,0
real,real_cc,46,fad0.99,0.6832796823399206,0.017138709279510334,0.13604055835918705,444.0,1
real,real_cc,46,fad0.95,0.6832796823399206,0.24512886074248558,0.3562017981718606,3000.0,0
real,real_cc,46,fad0.9,0.6832796823399206,0.37714041563973866,0.3665679362138092,3000.0,0
real,real_iot,42,cum,0.05227123758767278,0.25254237044122135,0.017474271705443096,47.0,1
real,real_iot,42,win100,0.05227123758767278,0.028351007210365216,0.052681114143023094,3000.0,0
real,real_iot,42,win250,0.05227123758767278,0.022808330764681035,0.03615080170982061,118.0,1
real,real_iot,42,win500,0.05227123758767278,0.01851226558316838,0.026602518481044102,46.0,1
real,real_iot,42,fad0.99,0.05227123758767278,0.02467360821554627,0.03897824839259338,69.0,1
real,real_iot,42,fad0.95,0.05227123758767278,0.029690441932107906,0.08128966076693432,3000.0,0
real,real_iot,42,fad0.9,0.05227123758767278,0.029809398079151755,0.10336997302708986,3000.0,0
real,real_iot,43,cum,0.3279193156100421,0.054479145081135216,0.0059982921429563175,80.0,1
real,real_iot,43,win100,0.3279193156100421,0.029083123239844466,0.10119827972152202,148.0,1
real,real_iot,43,win250,0.3279193156100421,0.0334095476702958,0.05878293077568696,146.0,1
real,real_iot,43,win500,0.3279193156100421,0.039223437030116326,0.042154277848133,79.0,1
real,real_iot,43,fad0.99,0.3279193156100421,0.02904083215633496,0.06869401653174736,115.0,1
real,real_iot,43,fad0.95,0.3279193156100421,0.035139594689449716,0.14569839672384077,3000.0,0
real,real_iot,43,fad0.9,0.3279193156100421,0.0576009745694645,0.19423832118938356,3000.0,0
real,real_iot,44,cum,0.1821703823197628,0.1402894043071024,0.009166983418516364,13.0,1
real,real_iot,44,win100,0.1821703823197628,0.027231070123901968,0.07916804102184041,34.0,1
real,real_iot,44,win250,0.1821703823197628,0.029486529006937934,0.03612166749803718,8.0,1
real,real_iot,44,win500,0.1821703823197628,0.031057941778523113,0.017060321601929388,15.0,1
real,real_iot,44,fad0.99,0.1821703823197628,0.02787695033274623,0.04901649696548505,12.0,1
real,real_iot,44,fad0.95,0.1821703823197628,0.021132887421277002,0.1296541402858931,50.0,1
real,real_iot,44,fad0.9,0.1821703823197628,0.007099615551283994,0.17398024746843183,3000.0,0
real,real_iot,45,cum,0.27387236186105257,0.09047230282509733,0.007588836335195459,14.0,1
real,real_iot,45,win100,0.27387236186105257,0.0057333234330912974,0.07242157227536221,53.0,1
real,real_iot,45,win250,0.27387236186105257,0.005812067531747067,0.03636128478853031,42.0,1
real,real_iot,45,win500,0.27387236186105257,0.0069302109807599654,0.013561297530369568,7.0,1
real,real_iot,45,fad0.99,0.27387236186105257,0.004888791147555582,0.046516828559285794,31.0,1
real,real_iot,45,fad0.95,0.27387236186105257,0.00939085557244107,0.11989570062396508,3000.0,0
real,real_iot,45,fad0.9,0.27387236186105257,0.0215144462412713,0.1666051377710132,3000.0,0
real,real_iot,46,cum,0.3641928726590978,0.06869488007403779,0.00592977474239303,38.0,1
real,real_iot,46,win100,0.3641928726590978,0.007314464705801937,0.08147030905897429,184.0,1
real,real_iot,46,win250,0.3641928726590978,0.010081392530841005,0.04127039682582773,144.0,1
real,real_iot,46,win500,0.3641928726590978,0.0033280696241865804,0.024008336940647107,33.0,1
real,real_iot,46,fad0.99,0.3641928726590978,0.005708548676090719,0.05105366047600737,140.0,1
real,real_iot,46,fad0.95,0.3641928726590978,0.007467586688802597,0.1297055818976906,3000.0,0
real,real_iot,46,fad0.9,0.3641928726590978,0.030506235315511443,0.18772773811533924,3000.0,0
