stream,regime,estimator,metric,mean,ci_lo,ci_hi,n
real,real_cc,cum,tracking_gap,0.1167661088401775,0.08263641208865338,0.15089580559170165,5
real,real_cc,cum,trace_sd,0.008506271231489297,0.006544932002764403,0.010467610460214192,5
real,real_cc,cum,delay,1068.0,321.4,2398.4,5
real,real_cc,fad0.9,tracking_gap,0.30911951829367623,0.2521358620457237,0.3661031745416288,5
real,real_cc,fad0.9,trace_sd,0.31569063000012704,0.2776187945026567,0.3537624654975974,5
real,real_cc,fad0.9,delay,3000.0,3000.0,3000.0,5
real,real_cc,fad0.95,tracking_gap,0.21093576512937062,0.14732856667865313,0.2818272655566223,5
real,real_cc,fad0.95,trace_sd,0.31723403288116103,0.2873845246202051,0.34830006043114176,5
real,real_cc,fad0.95,delay,3000.0,3000.0,3000.0,5
real,real_cc,fad0.99,tracking_gap,0.05058185283447617,0.018465727535524067,0.09547691412933187,5
real,real_cc,fad0.99,trace_sd,0.17135879217189307,0.14398921977552254,0.18241005068471808,5
real,real_cc,fad0.99,delay,1222.0,656.6,2488.8,5
real,real_cc,win100,tracking_gap,0.18479659437688442,0.11219779964213616,0.2847243531492548,5
real,real_cc,win100,trace_sd,0.35167956021198143,0.32314040355334833,0.3802187168706145,5
real,real_cc,win100,delay,3000.0,3000.0,3000.0,5
real,real_cc,win250,tracking_gap,0.04399202371645587,0.015815966033459604,0.09923789212105191,5
real,real_cc,win250,trace_sd,0.2029178078814619,0.16257743465715452,0.2432581811057693,5
real,real_cc,win250,delay,1734.6,185.2,2605.2,5
real,real_cc,win500,tracking_gap,0.03974418804147356,0.020154150423027994,0.07636417557983699,5
real,real_cc,win500,trace_sd,0.08996734411659923,0.0650809687150666,0.11485371951813188,5
real,real_cc,win500,delay,881.4,110.0,2255.6,5
real,real_iot,cum,tracking_gap,0.12129562054571881,0.0730503646242497,0.2129297253692041,5
real,real_iot,cum,trace_sd,0.009231631668900852,0.00660710285962666,0.015165372312833082,5
real,real_iot,cum,delay,38.4,20.0,63.2,5
real,real_iot,fad0.9,tracking_gap,0.029306133951336598,0.016322896009703037,0.04607916602599861,5
real,real_iot,fad0.9,trace_sd,0.16518428351425155,0.1215436426595486,0.18466006976151914,5
real,real_iot,fad0.9,delay,3000.0,3000.0,3000.0,5
real,real_iot,fad0.95,tracking_gap,0.020564273260815658,0.010969954388752867,0.029536911782180632,5
real,real_iot,fad0.95,trace_sd,0.12124869605966478,0.09097284499308558,0.1341304432510461,5
real,real_iot,fad0.95,delay,2410.0,50.0,2410.0,5
real,real_iot,fad0.99,tracking_gap,0.018437746105654754,0.008950172732797544,0.026828389850583993,5
real,real_iot,fad0.99,trace_sd,0.05085185018502379,0.044001330173848684,0.06109302538135311,5
real,real_iot,fad0.99,delay,73.4,31.0,115.8,5
real,real_iot,win100,tracking_gap,0.019542597742600976,0.01034910102579556,0.028273442998968418,5
real,real_iot,win100,trace_sd,0.0773878632441444,0.062387044752681156,0.08890104371656661,5
real,real_iot,win100,delay,683.8,83.4,2406.8,5
real,real_iot,win250,tracking_gap,0.020319573500900568,0.010065185178152648,0.02872541093665006,5
real,real_iot,win250,trace_sd,0.04173741631958056,0.03715724020595198,0.055280423985715116,5
real,real_iot,win250,delay,91.6,42.0,134.4,5
real,real_iot,win500,tracking_gap,0.019810384999350873,0.0078057653586122945,0.03181500464008945,5
real,real_iot,win500,trace_sd,0.02467735048042463,0.017569151349128405,0.03541473779321804,5
real,real_iot,win500,delay,36.0,15.623161986126087,63.2,5
synth,abrupt,cum,tracking_gap,0.24033260954649088,0.17167612718865313,0.3097084322517456,5
synth,abrupt,cum,trace_sd,0.012210425111265539,0.007865964481633637,0.016323165026775967,5
synth,abrupt,cum,delay,24.0,7.2,46.2,5
synth,abrupt,fad0.9,tracking_gap,0.009346357606790012,0.0035510813166819435,0.018625426392485555,5
synth,abrupt,fad0.9,trace_sd,0.14267356754434088,0.13298458839990807,0.1530601289022226,5
synth,abrupt,fad0.9,delay,56.8,9.8,188.2,5
synth,abrupt,fad0.95,tracking_gap,0.011303462800640032,0.0050554942284380035,0.024601397472254087,5
synth,abrupt,fad0.95,trace_sd,0.09521495079021187,0.08697131386730297,0.10279269371862931,5
synth,abrupt,fad0.95,delay,12.2,5.6,29.6,5
synth,abrupt,fad0.99,tracking_gap,0.011481028918058607,0.004739081658079054,0.02167987629613608,5
synth,abrupt,fad0.99,trace_sd,0.036192087930104984,0.02442673038651056,0.04117718679839251,5
synth,abrupt,fad0.99,delay,13.6,7.2,24.59338000184962,5
synth,abrupt,win100,tracking_gap,0.012144258085875069,0.005164911471764103,0.02450261562969847,5
synth,abrupt,win100,trace_sd,0.05366883451106412,0.037769925675790926,0.06055666236436452,5
synth,abrupt,win100,delay,22.0,13.4,28.8,5
synth,abrupt,win250,tracking_gap,0.010724176194782605,0.0042537675674926955,0.019867030645931393,5
synth,abrupt,win250,trace_sd,0.02956695143855863,0.01744899654260499,0.03474293782036626,5
synth,abrupt,win250,delay,20.8,8.0,37.6,5
synth,abrupt,win500,tracking_gap,0.013532725843186854,0.009086408020994642,0.017541610958442942,5
synth,abrupt,win500,trace_sd,0.016937046411416808,0.012169746578479268,0.020534962132467062,5
synth,abrupt,win500,delay,33.8,20.8,46.6,5
synth,gradual,cum,tracking_gap,0.27354790600625034,0.21028585892342982,0.3457486575387333,5
synth,gradual,cum,trace_sd,0.014109942285055712,0.011108659813246293,0.01807847161885741,5
synth,gradual,cum,delay,218.8,135.6943149975614,320.4,5
synth,gradual,fad0.9,tracking_gap,0.008033050069013998,0.003314004952374716,0.012180572130340642,5
synth,gradual,fad0.9,trace_sd,0.1506606332488566,0.13711203153541376,0.16065177931026886,5
synth,gradual,fad0.9,delay,761.4,511.4,1060.8,5
synth,gradual,fad0.95,tracking_gap,0.007581071556496971,0.0026458188507963846,0.011694546750693707,5
synth,gradual,fad0.95,trace_sd,0.1042868586453495,0.09130705375717221,0.11060859372075939,5
synth,gradual,fad0.95,delay,368.0,249.8,501.2,5
synth,gradual,fad0.99,tracking_gap,0.00605734132763347,0.002909872624403953,0.013479003812744255,5
synth,gradual,fad0.99,trace_sd,0.0382796757532388,0.03445753905744156,0.04226557226149909,5
synth,gradual,fad0.99,delay,265.4,233.4,298.0,5
synth,gradual,win100,tracking_gap,0.007626243348770894,0.003699607389544801,0.014623516903696126,5
synth,gradual,win100,trace_sd,0.057821378534448874,0.05097069798338792,0.06812244214638567,5
synth,gradual,win100,delay,309.4,255.4,376.4,5
synth,gradual,win250,tracking_gap,0.006121011093503531,0.002519415836142931,0.011922454868309857,5
synth,gradual,win250,trace_sd,0.029542509783459864,0.0222191338123122,0.03473525396793378,5
synth,gradual,win250,delay,261.2,234.85286002378535,298.0,5
synth,gradual,win500,tracking_gap,0.00537634649785637,0.0036466884379467933,0.007797036478270984,5
synth,gradual,win500,trace_sd,0.01705926151569798,0.013732810456548705,0.021482189348616825,5
synth,gradual,win500,delay,240.6,179.4,281.5950463382543,5
synth,recurring,cum,tracking_gap,0.04614850891506762,0.036555204687712964,0.056672441492487645,5
synth,recurring,cum,trace_sd,0.012513399690761784,0.009097983293373945,0.016156063753830302,5
synth,recurring,cum,delay,50.0,29.8,62.8,5
synth,recurring,fad0.9,tracking_gap,0.1879574955077069,0.13828160812338539,0.23532449054675664,5
synth,recurring,fad0.9,trace_sd,0.15791419318502564,0.13635475563799687,0.17275355283526195,5
synth,recurring,fad0.9,delay,135.6,30.0,441.7972141709362,5
synth,recurring,fad0.95,tracking_gap,0.18281809284398973,0.13658651924276274,0.2383592490030398,5
synth,recurring,fad0.95,trace_sd,0.11641131486989753,0.10082566968540556,0.1283319255322898,5
synth,recurring,fad0.95,delay,34.0,24.6,50.1527889263803,5
synth,recurring,fad0.99,tracking_gap,0.14988387130684983,0.10662666719264377,0.19565381730583137,5
synth,recurring,fad0.99,trace_sd,0.09198500398618607,0.07034873579958986,0.10622793120767646,5
synth,recurring,fad0.99,delay,32.6,27.0,41.2,5
synth,recurring,win100,tracking_gap,0.16954559374040112,0.12448823029696503,0.2180053312592823,5
synth,recurring,win100,trace_sd,0.09673686503216226,0.0862414519609408,0.10770388526173709,5
synth,recurring,win100,delay,39.4,29.0,53.4,5
synth,recurring,win250,tracking_gap,0.1409223491440637,0.09732401792072445,0.18225387395038242,5
synth,recurring,win250,trace_sd,0.11189844049462763,0.08552442347389158,0.12876463812842254,5
synth,recurring,win250,delay,47.6,30.0,63.8,5
synth,recurring,win500,tracking_gap,0.0871517074462833,0.05853741877411942,0.11686567001959566,5
synth,recurring,win500,trace_sd,0.13574683598725948,0.09363829135980929,0.16481299304689107,5
synth,recurring,win500,delay,55.4,30.6,94.8,5
