calib_regime,estimator,metric,mean,ci_lo,ci_hi,n
over,cum,tracking_gap,0.2394026967554817,0.15919506013377321,0.33303119517556024,5
over,cum,trace_sd,0.011981278404829002,0.0074364228923900575,0.01690136877510547,5
over,fad0.9,tracking_gap,0.01593199760273247,0.008412699953659621,0.029128438588643606,5
over,fad0.9,trace_sd,0.1752735898191115,0.16409264397034068,0.1855767786725743,5
over,fad0.95,tracking_gap,0.017684103587084617,0.010278807225244335,0.03666900599941676,5
over,fad0.95,trace_sd,0.11561579613685313,0.10482944377795421,0.12386723008519623,5
over,fad0.99,tracking_gap,0.01746521433665308,0.009393038343227451,0.03129835461225874,5
over,fad0.99,trace_sd,0.043451000746033294,0.030780811126938673,0.04959846555102648,5
over,win100,tracking_gap,0.01804672380995708,0.009699836158656841,0.03366014176961649,5
over,win100,trace_sd,0.06404859417774847,0.0452404596304449,0.07123453834527,5
over,win250,tracking_gap,0.01592613606393782,0.008497977224993656,0.03091658117467576,5
over,win250,trace_sd,0.03623930533078397,0.024064180523528014,0.04207452480000669,5
over,win500,tracking_gap,0.01858919199680891,0.01135730875903588,0.02564808739546929,5
over,win500,trace_sd,0.02152298973468556,0.015514461741483054,0.02574346745377688,5
shift,cum,tracking_gap,0.24418078476223978,0.1791910393884638,0.31100908973061353,5
shift,cum,trace_sd,0.012530290972199635,0.00894968766392169,0.016307245680341895,5
shift,fad0.9,tracking_gap,0.008693781234152256,0.0042383367380006655,0.016141882269783667,5
shift,fad0.9,trace_sd,0.13995518480480537,0.13079618655088143,0.14921381789998983,5
shift,fad0.95,tracking_gap,0.009648103267596731,0.004041802265213656,0.018943934296556313,5
shift,fad0.95,trace_sd,0.09478757839969738,0.08560554608693886,0.10196512999459031,5
shift,fad0.99,tracking_gap,0.010245291907256801,0.003687370271846795,0.01673354717684846,5
shift,fad0.99,trace_sd,0.0360872491462091,0.026188292451837236,0.04100271875430659,5
shift,win100,tracking_gap,0.010344806283573349,0.003830545832074937,0.019658782724385725,5
shift,win100,trace_sd,0.05497836437177263,0.040711229610677434,0.061351675047182606,5
shift,win250,tracking_gap,0.009877916403918609,0.004529239876891298,0.015707949322914125,5
shift,win250,trace_sd,0.028616479009244238,0.020392778582855375,0.034018039692546256,5
shift,win500,tracking_gap,0.012758642551582034,0.009391245745011448,0.015706033408666397,5
shift,win500,trace_sd,0.014041549633393189,0.011255375207676846,0.01686986878447117,5
under,cum,tracking_gap,0.24499165156127303,0.20173423192177728,0.29861024113300294,5
under,cum,trace_sd,0.01268915005600001,0.010423068501755938,0.01560060984404865,5
under,fad0.9,tracking_gap,0.004730883885064369,0.0025937892666570766,0.007273848960223567,5
under,fad0.9,trace_sd,0.09383630927579953,0.08504371143982523,0.10262890711177382,5
under,fad0.95,tracking_gap,0.005263351072345309,0.002003878219361911,0.009767699343741902,5
under,fad0.95,trace_sd,0.06320267076531985,0.05649121321713069,0.06945635270474385,5
under,fad0.99,tracking_gap,0.006571739035087773,0.002907371697875604,0.010079051781798978,5
under,fad0.99,trace_sd,0.024132880909856897,0.016508276469005302,0.027655179021003885,5
under,win100,tracking_gap,0.006068326217331008,0.0013525462441741833,0.011480792450082794,5
under,win100,trace_sd,0.036078090888610435,0.025302780500211272,0.0410825378402829,5
under,win250,tracking_gap,0.0065237096083794925,0.0037316211525290966,0.0097466779598717,5
under,win250,trace_sd,0.019517044739426906,0.012557328956150257,0.023090857191714574,5
under,win500,tracking_gap,0.00808480933491355,0.005715947006871086,0.009982960196055983,5
under,win500,trace_sd,0.011049615416220137,0.00880778545669141,0.013890352615940408,5
pooled,cum,tracking_gap,0.24285837769299815,0.20629817320680646,0.2857586854987104,15
pooled,cum,trace_sd,0.012400239811009546,0.010186464879410587,0.014657164440795515,15
pooled,fad0.9,tracking_gap,0.0097855542406497,0.006300681922373997,0.017036852522376134,15
pooled,fad0.9,trace_sd,0.13635502796657215,0.11865244739251649,0.15377471513623828,15
pooled,fad0.95,tracking_gap,0.010865185975675555,0.007030225366693521,0.01930852636663924,15
pooled,fad0.95,trace_sd,0.09120201510062345,0.07903268037356972,0.10245989869892147,15
pooled,fad0.99,tracking_gap,0.01142741509299922,0.0076711198487435074,0.018231940078579277,15
pooled,fad0.99,trace_sd,0.03455704360069976,0.02872242312661496,0.04027772867389705,15
pooled,win100,tracking_gap,0.011486618770287147,0.0075420195454237605,0.019348667391650184,15
pooled,win100,trace_sd,0.05170168314604384,0.04376679925268397,0.059557782935735014,15
pooled,win250,tracking_gap,0.010775920692078642,0.007375373904407714,0.016907373220777084,15
pooled,win250,trace_sd,0.028124276359818377,0.022844734424228925,0.03348183389788342,15
pooled,win500,tracking_gap,0.013144214627768165,0.010264765598230727,0.017209473340894337,15
pooled,win500,trace_sd,0.015538051594766296,0.012655848737364613,0.01885479867054498,15
