calib_regime,seed,estimator,oracle_post_mcc,tracking_gap,trace_sd,delay,detected
under,42,cum,0.14920555023541746,0.21472106020679857,0.011183390482986891,9.0,1
under,42,win100,0.14920555023541746,0.00017384080083845954,0.0395778819544343,23.0,1
under,42,win250,0.14920555023541746,0.004131487474908019,0.023109278510191383,12.0,1
under,42,win500,0.14920555023541746,0.009480690069955111,0.01565504658810356,17.0,1
under,42,fad0.99,0.14920555023541746,0.00250293271081381,0.028345635039541506,9.0,1
under,42,fad0.95,0.14920555023541746,0.0008322798052160241,0.07313849524713217,9.0,1
under,42,fad0.9,0.14920555023541746,0.00397678607000429,0.1086990457139048,7.0,1
under,43,cum,0.19770232361396362,0.18225398949424537,0.009011332758042417,30.0,1
under,43,win100,0.19770232361396362,0.015079759712351065,0.04023518361964045,30.0,1
under,43,win250,0.19770232361396362,0.011352201794773392,0.021209467010149696,38.0,1
under,43,win500,0.19770232361396362,0.006731456379167389,0.008779451961854931,36.0,1
under,43,fad0.99,0.19770232361396362,0.012754840189675348,0.02562594745515568,16.0,1
under,43,fad0.95,0.19770232361396362,0.012571703739961304,0.06259563696979217,30.0,1
under,43,fad0.9,0.19770232361396362,0.008527080710451301,0.09078012524136934,51.0,1
under,44,cum,-0.028641821039259403,0.2840497133351855,0.014410281652009742,64.0,1
under,44,win100,-0.028641821039259403,0.006175041091895376,0.04479472697473621,23.0,1
under,44,win250,-0.028641821039259403,0.007664310701683483,0.025448841169634858,35.0,1
under,44,win500,-0.028641821039259403,0.00843715361497166,0.013183840870341126,56.0,1
under,44,fad0.99,-0.028641821039259403,0.007065137691469155,0.03033273011562503,13.0,1
under,44,fad0.95,-0.028641821039259403,0.003340422749423925,0.0703490070517443,7.0,1
under,44,fad0.9,-0.028641821039259403,0.0020129239360193764,0.10248315944484508,7.0,1
under,45,cum,-0.029653678820015524,0.212506684062459,0.01145464325485398,10.0,1
under,45,win100,-0.029653678820015524,0.00884682175510998,0.03535286801266118,29.0,1
under,45,win250,-0.029653678820015524,0.007338392207519161,0.01789829543951861,15.0,1
under,45,win500,-0.029653678820015524,0.011582063662046956,0.00930278244505022,52.0,1
under,45,fad0.99,-0.029653678820015524,0.008910220419087518,0.022811155112591023,11.0,1
under,45,fad0.95,-0.029653678820015524,0.007898363079595634,0.056748656517263595,18.0,1
under,45,fad0.9,-0.029653678820015524,0.00681121659975964,0.0806196184658805,29.0,1
under,46,cum,-0.11990391159144745,0.3314268107076769,0.01738610213210701,5.0,1
under,46,win100,-0.11990391159144745,6.616772646016178e-05,0.02042979388158004,9.0,1
under,46,win250,-0.11990391159144745,0.0021321558630134074,0.009919341567639977,2.0,1
under,46,win500,-0.11990391159144745,0.004192682948426632,0.008326955215750843,17.0,1
under,46,fad0.99,-0.11990391159144745,0.0016255641643930369,0.01354893682637125,4.0,1
under,46,fad0.95,-0.11990391159144745,0.001673985987529658,0.05318155804066703,4.0,1
under,46,fad0.9,-0.11990391159144745,0.002326412109087239,0.08659959751299792,4.0,1
over,42,cum,0.2287711542615344,0.1676996782868608,0.00815021292465038,9.0,1
over,42,win100,0.2287711542615344,0.00949474713989834,0.06415897630653528,23.0,1
over,42,win250,0.2287711542615344,0.0039422327703216575,0.03858571775180087,13.0,1
over,42,win500,0.2287711542615344,0.006644563889949745,0.025975245033534607,17.0,1
over,42,fad0.99,0.2287711542615344,0.0061936636051908855,0.047153451727865364,13.0,1
over,42,fad0.95,0.2287711542615344,0.009203351279711863,0.12389880531607274,13.0,1
over,42,fad0.9,0.2287711542615344,0.005587114123867004,0.18715186038281995,13.0,1
over,43,cum,0.31495458904050516,0.11571674976832957,0.0041156850331117946,37.0,1
over,43,win100,0.31495458904050516,0.045827398681694165,0.0655685055917618,37.0,1
over,43,win250,0.31495458904050516,0.03738154383283698,0.034707473525593065,51.0,1
over,43,win500,0.31495458904050516,0.02568870061495515,0.018767840310852477,39.0,1
over,43,fad0.99,0.31495458904050516,0.04016558717997515,0.03969097262062968,36.0,1
over,43,fad0.95,0.31495458904050516,0.04353541967934299,0.10720405898524447,51.0,1
over,43,fad0.9,0.31495458904050516,0.03898754623420375,0.1583278398672209,1022.0,1
over,44,cum,-0.04796943264579105,0.2962467535503356,0.014306947804496851,63.0,1
over,44,win100,-0.04796943264579105,0.012981355223519904,0.07567840115783282,16.0,1
over,44,win250,-0.04796943264579105,0.014955408582636172,0.047307735372315425,32.0,1
over,44,win500,-0.04796943264579105,0.018632870313180616,0.02652213719437208,55.0,1
over,44,fad0.99,-0.04796943264579105,0.014679135764879558,0.05371596780221245,10.0,1
over,44,fad0.95,-0.04796943264579105,0.009200429690804167,0.12548309824864284,6.0,1
over,44,fad0.9,-0.04796943264579105,0.007232198040340164,0.1899526982746748,6.0,1
over,45,cum,-0.05939164136872883,0.2291424445584852,0.012650318546425942,6.0,1
over,45,win100,-0.05939164136872883,0.015409256401499975,0.07467863969249677,26.0,1
over,45,win250,-0.05939164136872883,0.015707779231367132,0.042342308192879326,10.0,1
over,45,win500,-0.05939164136872883,0.029115082717127753,0.025122355003721553,41.0,1
over,45,fad0.99,-0.05939164136872883,0.01799750576068413,0.05033387455261149,6.0,1
over,45,fad0.95,-0.05939164136872883,0.01459106595389368,0.12215663622912014,5.0,1
over,45,fad0.9,-0.05939164136872883,0.013073338091840823,0.17647561393973676,29.0,1
over,46,cum,-0.21620677799531507,0.38820785761339716,0.02068322771546004,5.0,1
over,46,win100,-0.21620677799531507,0.006520861603173028,0.040158448140115675,9.0,1
over,46,win250,-0.21620677799531507,0.0076437159025271595,0.018253291811331163,2.0,1
over,46,win500,-0.21620677799531507,0.01286474244883129,0.011227371130947081,16.0,1
over,46,fad0.99,-0.21620677799531507,0.008290179372535678,0.026360737026847516,4.0,1
over,46,fad0.95,-0.21620677799531507,0.011890251331670376,0.09933638190518544,4.0,1
over,46,fad0.9,-0.21620677799531507,0.014779791523410607,0.1644599366311051,2.0,1
shift,42,cum,0.19608565488425414,0.18889695879603555,0.009867293456334691,7.0,1
shift,42,win100,0.19608565488425414,0.00237825019842669,0.0572338608185595,14.0,1
shift,42,win250,0.19608565488425414,0.0016202289795895497,0.028353031300839413,7.0,1
shift,42,win500,0.19608565488425414,0.007528931540807249,0.01793294087572188,19.0,1
shift,42,fad0.99,0.19608565488425414,0.0005028877550846966,0.03815047920513595,9.0,1
shift,42,fad0.95,0.19608565488425414,0.001656218551174815,0.104207923283913,7.0,1
shift,42,fad0.9,0.19608565488425414,0.0020401966377945335,0.15335199905593339,69.0,1
shift,43,cum,0.2666546106746285,0.14486158581884018,0.006520518495859606,37.0,1
shift,43,win100,0.2666546106746285,0.025409721130697505,0.059237715611262724,32.0,1
shift,43,win250,0.2666546106746285,0.02016828816152122,0.03356628337179508,48.0,1
shift,43,win500,0.2666546106746285,0.01476817600278757,0.01126412635365867,39.0,1
shift,43,fad0.99,0.2666546106746285,0.022246515930087474,0.037856896144690386,31.0,1
shift,43,fad0.95,0.2666546106746285,0.023858764441252567,0.0907937466555529,33.0,1
shift,43,fad0.9,0.2666546106746285,0.02006821059948921,0.1298729623507015,1020.0,1
shift,44,cum,-0.041388406659203056,0.29265086040777816,0.014955368870691066,71.0,1
shift,44,win100,-0.041388406659203056,0.010146668706188182,0.06598460536847538,19.0,1
shift,44,win250,-0.041388406659203056,0.013664529893934425,0.03786083427736149,35.0,1
shift,44,win500,-0.041388406659203056,0.017112819517484643,0.018271704603459837,58.0,1
shift,44,fad0.99,-0.041388406659203056,0.012231123959955785,0.04561530443587072,13.0,1
shift,44,fad0.95,-0.041388406659203056,0.005521652858138125,0.10401532350959626,10.0,1
shift,44,fad0.9,-0.041388406659203056,0.0034294503195944556,0.1538501732622359,10.0,1
shift,45,cum,-0.04921558812082895,0.22843810771256767,0.01197281441521986,6.0,1
shift,45,win100,-0.04921558812082895,0.011918081523647935,0.05831758806914004,28.0,1
shift,45,win250,-0.04921558812082895,0.008467328543818313,0.028147938337619072,10.0,1
shift,45,win500,-0.04921558812082895,0.014809124700610549,0.01194005296399243,43.0,1
shift,45,fad0.99,-0.04921558812082895,0.011548867757131952,0.0374820264895196,10.0,1
shift,45,fad0.95,-0.04921558812082895,0.011571689079511935,0.09376435593456652,6.0,1
shift,45,fad0.9,-0.04921558812082895,0.01025238977522535,0.13116657065730794,28.0,1
shift,46,cum,-0.1775887706549895,0.3660564110759774,0.019335459622892945,9.0,1
shift,46,win100,-0.1775887706549895,0.0018713098589064336,0.03411805199142549,14.0,1
shift,46,win250,-0.1775887706549895,0.00546920644072954,0.01515430775860613,4.0,1
shift,46,win500,-0.1775887706549895,0.00957416099622016,0.010798923370133124,19.0,1
shift,46,fad0.99,-0.1775887706549895,0.004697064134024098,0.021331539455828864,5.0,1
shift,46,fad0.95,-0.1775887706549895,0.005632191407906217,0.0811565426148583,5.0,1
shift,46,fad0.9,-0.1775887706549895,0.0076786588386577315,0.1315342186978481,9.0,1
