family,estimator,n_pairs,mean_gap_est,mean_gap_cum,mean_diff,relative_gap_closure,wilcoxon_p,cliffs_delta
AUPRC,win100,25,0.07334731911886073,0.12742971058113542,-0.054082391462274684,0.4244095918856821,0.08513903617858887,-0.5072
AUPRC,win250,25,0.04239574731855021,0.12742971058113542,-0.08503396326258522,0.667300921222576,0.0012963414192199707,-0.6832
AUPRC,win500,25,0.029693135540372215,0.12742971058113542,-0.09773657504076322,0.766984203246437,1.8298625946044922e-05,-0.8016
HardMCC@0.5,fad0.9,25,0.08962655800498244,0.19911171569043393,-0.10948515768545147,0.5498679839368271,0.029578447341918945,-0.5168
HardMCC@0.5,fad0.95,25,0.07671912300286352,0.19911171569043393,-0.12239259268757044,0.6146930745011702,0.014722049236297607,-0.568
HardMCC@0.5,fad0.99,25,0.0595056707850894,0.19911171569043393,-0.13960604490534453,0.7011443019339649,0.0037809014320373535,-0.6864
HardMCC@0.5,win100,25,0.10594983627115648,0.19911171569043393,-0.09316187941927748,0.46788748264141145,0.0801958441734314,-0.4368
HardMCC@0.5,win250,25,0.06049573772793781,0.19911171569043393,-0.1386159779624961,0.6961718826094148,0.0041751861572265625,-0.68
HardMCC@0.5,win500,25,0.046782668726601695,0.19911171569043393,-0.1523290469638322,0.7650431137859239,0.0005564093589782715,-0.6992
SoftMCC,fad0.9,25,0.10875251108570476,0.15961815077074104,-0.050865639685036296,0.3186707742139911,0.21998637914657593,-0.3696
SoftMCC,fad0.95,25,0.0866405331182626,0.15961815077074104,-0.07297761765247843,0.45720124747491103,0.06670159101486206,-0.4752
SoftMCC,fad0.99,25,0.04728836809853457,0.15961815077074104,-0.11232978267220649,0.7037406593742687,0.0018156766891479492,-0.728
SoftMCC,win100,25,0.07873105745890649,0.15961815077074104,-0.08088709331183454,0.5067537302039392,0.036682069301605225,-0.52
SoftMCC,win250,25,0.04441582672994126,0.15961815077074104,-0.11520232404079976,0.7217369922142671,0.0009118914604187012,-0.7536
SoftMCC,win500,25,0.033123070565630186,0.15961815077074104,-0.12649508020511085,0.79248556378781,0.000102996826171875,-0.8368
