family,estimator,metric,mean,ci_lo,ci_hi,n
AUPRC,cum,tracking_gap,0.12742971058113542,0.09971772417514733,0.15954028618574215,25
AUPRC,cum,trace_sd,0.011553144275127969,0.009724305006657821,0.013691241691358097,25
AUPRC,win100,tracking_gap,0.07334731911886073,0.045806417062389825,0.12327426708716109,25
AUPRC,win100,trace_sd,0.15702552237035272,0.11005335336377008,0.22679332219329057,25
AUPRC,win250,tracking_gap,0.04239574731855021,0.02864451827864752,0.06066924215767472,25
AUPRC,win250,trace_sd,0.1018591272512604,0.07404712877151845,0.14854476523296872,25
AUPRC,win500,tracking_gap,0.029693135540372215,0.019443678916289234,0.04619705799798611,25
AUPRC,win500,trace_sd,0.06717647376158457,0.0478971799321631,0.09481628943497199,25
HardMCC@0.5,cum,tracking_gap,0.19911171569043393,0.1472952275587405,0.261550767767378,25
HardMCC@0.5,cum,trace_sd,0.014076002956939752,0.011512036309123235,0.016809792233097542,25
HardMCC@0.5,fad0.9,tracking_gap,0.08962655800498244,0.056122861312131726,0.1368051422246794,25
HardMCC@0.5,fad0.9,trace_sd,0.2629507971332549,0.23060466468648227,0.3072176134301248,25
HardMCC@0.5,fad0.95,tracking_gap,0.07671912300286352,0.04563049657238999,0.12650501823471563,25
HardMCC@0.5,fad0.95,trace_sd,0.20072149650021287,0.1689570079977154,0.2461868922704813,25
HardMCC@0.5,fad0.99,tracking_gap,0.0595056707850894,0.03470493310186448,0.10303350961034331,25
HardMCC@0.5,fad0.99,trace_sd,0.10012338289278651,0.07857514567963626,0.12812634094495118,25
HardMCC@0.5,win100,tracking_gap,0.10594983627115648,0.0648692388893054,0.16398998580170765,25
HardMCC@0.5,win100,trace_sd,0.1638708098721737,0.12020097654424919,0.23372603144890658,25
HardMCC@0.5,win250,tracking_gap,0.06049573772793781,0.034758582664987624,0.09716806005016744,25
HardMCC@0.5,win250,trace_sd,0.11261364046196576,0.08211130145204219,0.1585832215537743,25
HardMCC@0.5,win500,tracking_gap,0.046782668726601695,0.030412639566024968,0.06844946140823342,25
HardMCC@0.5,win500,trace_sd,0.07722015987277499,0.05309445418554778,0.1073357852817138,25
SoftMCC,cum,tracking_gap,0.15961815077074104,0.1229505273409331,0.2050691245822467,25
SoftMCC,cum,trace_sd,0.011314333997494637,0.009715408407917604,0.013252533578004712,25
SoftMCC,fad0.9,tracking_gap,0.10875251108570476,0.06551504318182061,0.16635283043168766,25
SoftMCC,fad0.9,trace_sd,0.18642466149852033,0.16319509656244321,0.22343458732753113,25
SoftMCC,fad0.95,tracking_gap,0.0866405331182626,0.053183858275416857,0.13227577163637985,25
SoftMCC,fad0.95,trace_sd,0.15087917064925693,0.12348192940384718,0.19272106184769183,25
SoftMCC,fad0.99,tracking_gap,0.04728836809853457,0.02794186779102608,0.07691772475229834,25
SoftMCC,fad0.99,trace_sd,0.07773348200528934,0.05992184474234217,0.10296066849247662,25
SoftMCC,win100,tracking_gap,0.07873105745890649,0.04658548406091156,0.1223888993884455,25
SoftMCC,win100,trace_sd,0.12745890030676021,0.08955969804142883,0.18383709544276347,25
SoftMCC,win250,tracking_gap,0.04441582672994126,0.025492651432718366,0.07269231940143481,25
SoftMCC,win250,trace_sd,0.08313262518353773,0.05973943204401306,0.11715915759165099,25
SoftMCC,win500,tracking_gap,0.033123070565630186,0.021130726219355425,0.05197569071055683,25
SoftMCC,win500,trace_sd,0.05687756770227963,0.039142156514888254,0.08360455923352947,25
