stream,regime,seed,family,estimator,oracle_post,tracking_gap,trace_sd,delay,detected,n_tail
synth,abrupt,42,SoftMCC,cum,0.20574358289610908,0.18216110669719474,0.00920626214128217,9.0,1.0,1000
synth,abrupt,42,SoftMCC,win100,0.20574358289610908,0.004198253977637623,0.057117198398403506,23.0,1.0,1000
synth,abrupt,42,SoftMCC,win250,0.20574358289610908,0.0012175364883042772,0.03381927567947681,12.0,1.0,1000
synth,abrupt,42,SoftMCC,win500,0.20574358289610908,0.009814277608775152,0.022783365756249167,17.0,1.0,1000
synth,abrupt,42,SoftMCC,fad0.99,0.20574358289610908,0.0010009755645539464,0.04137534601362451,12.0,1.0,1000
synth,abrupt,42,SoftMCC,fad0.95,0.20574358289610908,0.003627218335564536,0.10623052341576075,9.0,1.0,1000
synth,abrupt,42,SoftMCC,fad0.9,0.20574358289610908,6.712078002632516e-05,0.15878684844001306,13.0,1.0,1000
synth,abrupt,42,HardMCC@0.5,cum,0.2361459537875409,0.23063571457418372,0.010668711653239939,17.0,1.0,1000
synth,abrupt,42,HardMCC@0.5,win100,0.2361459537875409,0.019260026859867246,0.0685155684207991,23.0,1.0,1000
synth,abrupt,42,HardMCC@0.5,win250,0.2361459537875409,0.015115731909400382,0.040962364361445874,24.0,1.0,1000
synth,abrupt,42,HardMCC@0.5,win500,0.2361459537875409,0.003854817567350677,0.03037258969794807,32.0,1.0,1000
synth,abrupt,42,HardMCC@0.5,fad0.99,0.2361459537875409,0.016988571019766113,0.05087724237254696,13.0,1.0,1000
synth,abrupt,42,HardMCC@0.5,fad0.95,0.2361459537875409,0.019145238918819557,0.1386657845184548,13.0,1.0,1000
synth,abrupt,42,HardMCC@0.5,fad0.9,0.2361459537875409,0.01572475000792059,0.21125761439896135,13.0,1.0,1000
synth,abrupt,42,AUPRC,cum,0.6517826420950943,0.14056199985412088,0.009923709031942255,,,101
synth,abrupt,42,AUPRC,win100,0.6517826420950943,0.002121694612891134,0.06869989708832247,,,101
synth,abrupt,42,AUPRC,win250,0.6517826420950943,0.013240287379256532,0.043399873668603546,,,101
synth,abrupt,42,AUPRC,win500,0.6517826420950943,0.02284906676705556,0.01890131503962613,,,101
synth,abrupt,43,SoftMCC,cum,0.2786663184900163,0.13664973962858434,0.005855517992160839,36.0,1.0,1000
synth,abrupt,43,SoftMCC,win100,0.2786663184900163,0.03229918418330757,0.057319581994618216,33.0,1.0,1000
synth,abrupt,43,SoftMCC,win250,0.2786663184900163,0.02537586624036331,0.0316818256982104,48.0,1.0,1000
synth,abrupt,43,SoftMCC,win500,0.2786663184900163,0.016536097583906395,0.013742320864736778,39.0,1.0,1000
synth,abrupt,43,SoftMCC,fad0.99,0.2786663184900163,0.027837468852607516,0.036197912661025976,33.0,1.0,1000
synth,abrupt,43,SoftMCC,fad0.95,0.2786663184900163,0.029844942256426477,0.09060219914664255,36.0,1.0,1000
synth,abrupt,43,SoftMCC,fad0.9,0.2786663184900163,0.025191029239699014,0.1325468727876432,232.0,1.0,1000
synth,abrupt,43,HardMCC@0.5,cum,0.32127942955459904,0.17974764886758315,0.007407699267851743,67.0,1.0,1000
synth,abrupt,43,HardMCC@0.5,win100,0.32127942955459904,0.047862430089676056,0.0643963815812959,62.0,1.0,1000
synth,abrupt,43,HardMCC@0.5,win250,0.32127942955459904,0.0391072900852899,0.031721559317956755,132.0,1.0,1000
synth,abrupt,43,HardMCC@0.5,win500,0.32127942955459904,0.030332188568904905,0.01564328633518408,60.0,1.0,1000
synth,abrupt,43,HardMCC@0.5,fad0.99,0.32127942955459904,0.04224702614001147,0.03805936777782921,60.0,1.0,1000
synth,abrupt,43,HardMCC@0.5,fad0.95,0.32127942955459904,0.04472525097741398,0.11663274522330065,238.0,1.0,1000
synth,abrupt,43,HardMCC@0.5,fad0.9,0.32127942955459904,0.03969990851881722,0.18052663669801142,298.0,1.0,1000
synth,abrupt,43,AUPRC,cum,0.7264434409253064,0.09506735474298877,0.004112351827826262,,,101
synth,abrupt,43,AUPRC,win100,0.7264434409253064,0.028770603578195386,0.05356381460067827,,,101
synth,abrupt,43,AUPRC,win250,0.7264434409253064,0.016905773393690482,0.03474456678985523,,,101
synth,abrupt,43,AUPRC,win500,0.7264434409253064,0.006697369435145206,0.02340851910988265,,,101
synth,abrupt,44,SoftMCC,cum,-0.04171183500498354,0.29208897341560996,0.014488365402724194,62.0,1.0,1000
synth,abrupt,44,SoftMCC,win100,-0.04171183500498354,0.009072385824012048,0.06543867078635064,17.0,1.0,1000
synth,abrupt,44,SoftMCC,win250,-0.04171183500498354,0.011115653902073606,0.038437586383924055,32.0,1.0,1000
synth,abrupt,44,SoftMCC,win500,-0.04171183500498354,0.013540436043500751,0.02101583696234898,53.0,1.0,1000
synth,abrupt,44,SoftMCC,fad0.99,-0.04171183500498354,0.010552968262117907,0.04511507082116965,11.0,1.0,1000
synth,abrupt,44,SoftMCC,fad0.95,-0.04171183500498354,0.005627241370488319,0.10466969919922174,6.0,1.0,1000
synth,abrupt,44,SoftMCC,fad0.9,-0.04171183500498354,0.00391959377089398,0.1553275517735324,6.0,1.0,1000
synth,abrupt,44,HardMCC@0.5,cum,-0.052978764926966564,0.3857695544217516,0.01848725804643099,62.0,1.0,1000
synth,abrupt,44,HardMCC@0.5,win100,-0.052978764926966564,0.020448775353442167,0.07672859974660395,13.0,1.0,1000
synth,abrupt,44,HardMCC@0.5,win250,-0.052978764926966564,0.023890885630879474,0.049133437692764764,47.0,1.0,1000
synth,abrupt,44,HardMCC@0.5,win500,-0.052978764926966564,0.02899855112761458,0.0265378753115082,81.0,1.0,1000
synth,abrupt,44,HardMCC@0.5,fad0.99,-0.052978764926966564,0.02334998619225722,0.05612775435913177,11.0,1.0,1000
synth,abrupt,44,HardMCC@0.5,fad0.95,-0.052978764926966564,0.01664053586246208,0.14158794226687996,2.0,1.0,1000
synth,abrupt,44,HardMCC@0.5,fad0.9,-0.052978764926966564,0.014710777842099405,0.224878377370248,1.0,1.0,1000
synth,abrupt,44,AUPRC,cum,0.4542146163250773,0.22513324251280353,0.013987031437449232,,,101
synth,abrupt,44,AUPRC,win100,0.4542146163250773,0.02408318797928788,0.09266872410576275,,,101
synth,abrupt,44,AUPRC,win250,0.4542146163250773,0.013249005560598881,0.06226461254774542,,,101
synth,abrupt,44,AUPRC,win500,0.4542146163250773,0.012647580272245107,0.02425613695307718,,,101
synth,abrupt,45,SoftMCC,cum,-0.048637105623586564,0.22374752271446777,0.012194914156869331,8.0,1.0,1000
synth,abrupt,45,SoftMCC,win100,-0.048637105623586564,0.013410700577838705,0.057469189856099605,28.0,1.0,1000
synth,abrupt,45,SoftMCC,win250,-0.048637105623586564,0.01209190060649342,0.031037924213831784,10.0,1.0,1000
synth,abrupt,45,SoftMCC,win500,-0.048637105623586564,0.02045255986651106,0.017162356696793894,44.0,1.0,1000
synth,abrupt,45,SoftMCC,fad0.99,-0.048637105623586564,0.014334006660739952,0.03808253367497271,8.0,1.0,1000
synth,abrupt,45,SoftMCC,fad0.95,-0.048637105623586564,0.012220027007896407,0.09304734624114075,6.0,1.0,1000
synth,abrupt,45,SoftMCC,fad0.9,-0.048637105623586564,0.01063023210575962,0.1330940173029743,29.0,1.0,1000
synth,abrupt,45,HardMCC@0.5,cum,-0.06354443857179785,0.316984287335592,0.01816423075420515,28.0,1.0,1000
synth,abrupt,45,HardMCC@0.5,win100,-0.06354443857179785,0.029322757989953305,0.0947972235606005,41.0,1.0,1000
synth,abrupt,45,HardMCC@0.5,win250,-0.06354443857179785,0.032424577508213245,0.056843843397639045,26.0,1.0,1000
synth,abrupt,45,HardMCC@0.5,win500,-0.06354443857179785,0.05015566630301002,0.03644447913796026,89.0,1.0,1000
synth,abrupt,45,HardMCC@0.5,fad0.99,-0.06354443857179785,0.033648559436952746,0.065520713383441,29.0,1.0,1000
synth,abrupt,45,HardMCC@0.5,fad0.95,-0.06354443857179785,0.02867860881613646,0.1564578265878962,30.0,1.0,1000
synth,abrupt,45,HardMCC@0.5,fad0.9,-0.06354443857179785,0.02764854365930665,0.22722850706397785,229.0,1.0,1000
synth,abrupt,45,AUPRC,cum,0.45833560396625816,0.18434113769853666,0.012832367340771127,,,101
synth,abrupt,45,AUPRC,win100,0.45833560396625816,0.018929583317506493,0.060336653789093614,,,101
synth,abrupt,45,AUPRC,win250,0.45833560396625816,0.0023435302915121303,0.03610155355500142,,,101
synth,abrupt,45,AUPRC,win500,0.45833560396625816,0.008932391579159427,0.02083736797874681,,,101
synth,abrupt,46,SoftMCC,cum,-0.18180368100000432,0.36701570527659755,0.01930706586329116,5.0,1.0,1000
synth,abrupt,46,SoftMCC,win100,-0.18180368100000432,0.0017407658665793968,0.030999531519848644,9.0,1.0,1000
synth,abrupt,46,SoftMCC,win250,-0.18180368100000432,0.0038199237366784156,0.012858145217350094,2.0,1.0,1000
synth,abrupt,46,SoftMCC,win500,-0.18180368100000432,0.007320258113240913,0.009981351776955222,16.0,1.0,1000
synth,abrupt,46,SoftMCC,fad0.99,-0.18180368100000432,0.0036797252502737132,0.02018957647973207,4.0,1.0,1000
synth,abrupt,46,SoftMCC,fad0.95,-0.18180368100000432,0.005197885032824423,0.08152498594829358,4.0,1.0,1000
synth,abrupt,46,SoftMCC,fad0.9,-0.18180368100000432,0.006923812137571123,0.13361254741754144,4.0,1.0,1000
synth,abrupt,46,HardMCC@0.5,cum,-0.23018228321505785,0.4814052056702214,0.026344736860327497,13.0,1.0,1000
synth,abrupt,46,HardMCC@0.5,win100,-0.23018228321505785,0.024665992950272442,0.045678327423268696,13.0,1.0,1000
synth,abrupt,46,HardMCC@0.5,win250,-0.23018228321505785,0.02407962331931751,0.021359651709440892,13.0,1.0,1000
synth,abrupt,46,HardMCC@0.5,win500,-0.23018228321505785,0.0291222445612202,0.013017024987837566,14.0,1.0,1000
synth,abrupt,46,HardMCC@0.5,fad0.99,-0.23018228321505785,0.025440226000334132,0.03050060585091254,10.0,1.0,1000
synth,abrupt,46,HardMCC@0.5,fad0.95,-0.23018228321505785,0.02911315814460108,0.1148588525741172,9.0,1.0,1000
synth,abrupt,46,HardMCC@0.5,fad0.9,-0.23018228321505785,0.03251750603260756,0.1940506821626943,13.0,1.0,1000
synth,abrupt,46,AUPRC,cum,0.3842279612569067,0.23364286679881785,0.015004688050983775,,,101
synth,abrupt,46,AUPRC,win100,0.3842279612569067,0.01980197003859563,0.05290494422934784,,,101
synth,abrupt,46,AUPRC,win250,0.3842279612569067,0.004008545539847697,0.022345986728515135,,,101
synth,abrupt,46,AUPRC,win500,0.3842279612569067,0.0009690138365959222,0.013886754009037945,,,101
synth,gradual,42,SoftMCC,cum,0.1925242265006106,0.22051514542240255,0.011624450595402212,135.0,1.0,1000
synth,gradual,42,SoftMCC,win100,0.1925242265006106,0.0014613773305958977,0.0491902898035179,347.0,1.0,1000
synth,gradual,42,SoftMCC,win250,0.1925242265006106,0.00463464099312641,0.02451178811089406,320.0,1.0,1000
synth,gradual,42,SoftMCC,win500,0.1925242265006106,0.004613703920348877,0.013225860585269554,139.0,1.0,1000
synth,gradual,42,SoftMCC,fad0.99,0.1925242265006106,0.001807063853283386,0.03402149812767383,324.0,1.0,1000
synth,gradual,42,SoftMCC,fad0.95,0.1925242265006106,0.0010581662059250263,0.11470391345257326,518.0,1.0,1000
synth,gradual,42,SoftMCC,fad0.9,0.1925242265006106,0.0006107208023576616,0.16774703081051084,598.0,1.0,1000
synth,gradual,42,HardMCC@0.5,cum,0.21881995830124712,0.28255241179528634,0.01489924938009441,231.0,1.0,1000
synth,gradual,42,HardMCC@0.5,win100,0.21881995830124712,0.0011396947228544119,0.06262292035699704,348.0,1.0,1000
synth,gradual,42,HardMCC@0.5,win250,0.21881995830124712,0.007433560688092838,0.03460246356276783,348.0,1.0,1000
synth,gradual,42,HardMCC@0.5,win500,0.21881995830124712,0.00604586559124104,0.025045133588708034,195.0,1.0,1000
synth,gradual,42,HardMCC@0.5,fad0.99,0.21881995830124712,0.004749175942863698,0.04686703216300275,323.0,1.0,1000
synth,gradual,42,HardMCC@0.5,fad0.95,0.21881995830124712,0.0012117492445973266,0.15524467019951585,598.0,1.0,1000
synth,gradual,42,HardMCC@0.5,fad0.9,0.21881995830124712,0.001200561941688466,0.229358292709813,851.0,1.0,1000
synth,gradual,42,AUPRC,cum,0.6632297031569938,0.15288012155535358,0.008437807331273786,,,101
synth,gradual,42,AUPRC,win100,0.6632297031569938,0.005824389182274237,0.05898378952909191,,,101
synth,gradual,42,AUPRC,win250,0.6632297031569938,0.004120681283831362,0.030844985575466593,,,101
synth,gradual,42,AUPRC,win500,0.6632297031569938,0.001671753530716913,0.01915837360709194,,,101
synth,gradual,43,SoftMCC,cum,0.2556666181172621,0.1732197296596345,0.00880352509112383,181.0,1.0,1000
synth,gradual,43,SoftMCC,win100,0.2556666181172621,0.004140804295552913,0.07490921084619197,218.0,1.0,1000
synth,gradual,43,SoftMCC,win250,0.2556666181172621,0.006944951684052597,0.03496879591007192,224.0,1.0,1000
synth,gradual,43,SoftMCC,win500,0.2556666181172621,0.006487796062361217,0.01714549746508514,218.0,1.0,1000
synth,gradual,43,SoftMCC,fad0.99,0.2556666181172621,0.005223122860749219,0.04503581057966016,215.0,1.0,1000
synth,gradual,43,SoftMCC,fad0.95,0.2556666181172621,0.0016588656589311968,0.11181496081728448,225.0,1.0,1000
synth,gradual,43,SoftMCC,fad0.9,0.2556666181172621,0.0031514818276428547,0.15729244861042782,1248.0,1.0,1000
synth,gradual,43,HardMCC@0.5,cum,0.2854478337446067,0.23668751966558665,0.012285269065525328,237.0,1.0,1000
synth,gradual,43,HardMCC@0.5,win100,0.2854478337446067,0.005124895110221961,0.0788409330097352,801.0,1.0,1000
synth,gradual,43,HardMCC@0.5,win250,0.2854478337446067,0.007636652536992805,0.03511008616063447,357.0,1.0,1000
synth,gradual,43,HardMCC@0.5,win500,0.2854478337446067,0.008544033012754582,0.018573731931556686,368.0,1.0,1000
synth,gradual,43,HardMCC@0.5,fad0.99,0.2854478337446067,0.006741076581423977,0.047694195804148305,329.0,1.0,1000
synth,gradual,43,HardMCC@0.5,fad0.95,0.2854478337446067,0.004860809403410271,0.13642414475928882,1001.0,1.0,1000
synth,gradual,43,HardMCC@0.5,fad0.9,0.2854478337446067,0.005945828263642761,0.20567677474172757,3000.0,0.0,1000
synth,gradual,43,AUPRC,cum,0.6969832901252243,0.13680508441756467,0.00882567233152966,,,101
synth,gradual,43,AUPRC,win100,0.6969832901252243,0.005026666709761374,0.11250580538123489,,,101
synth,gradual,43,AUPRC,win250,0.6969832901252243,0.01220959111872888,0.07235027472632988,,,101
synth,gradual,43,AUPRC,win500,0.6969832901252243,0.02060892119689528,0.035749891169982624,,,101
synth,gradual,44,SoftMCC,cum,-0.0275423692799534,0.3204380231437631,0.01580087166120722,376.0,1.0,1000
synth,gradual,44,SoftMCC,win100,-0.0275423692799534,0.01949399227404862,0.06217579196582366,276.0,1.0,1000
synth,gradual,44,SoftMCC,win250,-0.0275423692799534,0.016010893888123427,0.03542465581267493,252.0,1.0,1000
synth,gradual,44,SoftMCC,win500,-0.0275423692799534,0.009294560802881609,0.023590736405856766,273.0,1.0,1000
synth,gradual,44,SoftMCC,fad0.99,-0.0275423692799534,0.016396988802609473,0.042117869154673686,239.0,1.0,1000
synth,gradual,44,SoftMCC,fad0.95,-0.0275423692799534,0.014287978405558085,0.10793171098491953,239.0,1.0,1000
synth,gradual,44,SoftMCC,fad0.9,-0.0275423692799534,0.0103726713841908,0.15585034090067953,559.0,1.0,1000
synth,gradual,44,HardMCC@0.5,cum,-0.023832057513041745,0.4109534511479948,0.020338099018777287,338.0,1.0,1000
synth,gradual,44,HardMCC@0.5,win100,-0.023832057513041745,0.024274253668655817,0.10755805392713494,232.0,1.0,1000
synth,gradual,44,HardMCC@0.5,win250,-0.023832057513041745,0.018775507629075174,0.061577689234648694,281.0,1.0,1000
synth,gradual,44,HardMCC@0.5,win500,-0.023832057513041745,0.009405354003810684,0.04153403596148402,316.0,1.0,1000
synth,gradual,44,HardMCC@0.5,fad0.99,-0.023832057513041745,0.019323732661345263,0.07145221103339339,232.0,1.0,1000
synth,gradual,44,HardMCC@0.5,fad0.95,-0.023832057513041745,0.016614577792427757,0.17465005871620498,231.0,1.0,1000
synth,gradual,44,HardMCC@0.5,fad0.9,-0.023832057513041745,0.012451767379818667,0.24840939383249447,569.0,1.0,1000
synth,gradual,44,AUPRC,cum,0.44699606731418595,0.26637200348953627,0.015258760745425504,,,101
synth,gradual,44,AUPRC,win100,0.44699606731418595,0.0469139965593795,0.06488833716291144,,,101
synth,gradual,44,AUPRC,win250,0.44699606731418595,0.02642524274728053,0.032471636647374985,,,101
synth,gradual,44,AUPRC,win500,0.44699606731418595,0.012344316863826199,0.01727766965568377,,,101
synth,gradual,45,SoftMCC,cum,-0.0492837993083065,0.2576365920962846,0.013331852131652763,109.0,1.0,1000
synth,gradual,45,SoftMCC,win100,-0.0492837993083065,0.007317803848167388,0.049122813829182016,416.0,1.0,1000
synth,gradual,45,SoftMCC,win250,-0.0492837993083065,0.002701340609968607,0.03392908115212357,232.0,1.0,1000
synth,gradual,45,SoftMCC,win500,-0.0492837993083065,0.0025203626453460665,0.0194932400604287,262.0,1.0,1000
synth,gradual,45,SoftMCC,fad0.99,-0.0492837993083065,0.004003474844173384,0.037020501838827734,259.0,1.0,1000
synth,gradual,45,SoftMCC,fad0.95,-0.0492837993083065,0.008996429430281817,0.08618007699214414,565.0,1.0,1000
synth,gradual,45,SoftMCC,fad0.9,-0.0492837993083065,0.011903234778435738,0.12824588270353252,1001.0,1.0,1000
synth,gradual,45,HardMCC@0.5,cum,-0.043810076240390794,0.3561263595353502,0.018345192847397024,248.0,1.0,1000
synth,gradual,45,HardMCC@0.5,win100,-0.043810076240390794,0.008764100598386136,0.10606552529289039,567.0,1.0,1000
synth,gradual,45,HardMCC@0.5,win250,-0.043810076240390794,0.013273086169511766,0.06964426855194976,422.0,1.0,1000
synth,gradual,45,HardMCC@0.5,win500,-0.043810076240390794,0.0034632518425392125,0.03627973539277201,529.0,1.0,1000
synth,gradual,45,HardMCC@0.5,fad0.99,-0.043810076240390794,0.008691926970363847,0.07650151168887755,524.0,1.0,1000
synth,gradual,45,HardMCC@0.5,fad0.95,-0.043810076240390794,0.0023566924501378234,0.16176891115324188,986.0,1.0,1000
synth,gradual,45,HardMCC@0.5,fad0.9,-0.043810076240390794,0.0028627084484911455,0.22695565277020255,1005.0,1.0,1000
synth,gradual,45,AUPRC,cum,0.461732524537626,0.2035833471194664,0.012583785942919012,,,101
synth,gradual,45,AUPRC,win100,0.461732524537626,0.022174119030130834,0.06236618057856363,,,101
synth,gradual,45,AUPRC,win250,0.461732524537626,0.002458307021250994,0.050012195748657576,,,101
synth,gradual,45,AUPRC,win500,0.461732524537626,0.006784727177628069,0.03599165489249663,,,101
synth,gradual,46,SoftMCC,cum,-0.14952713656049052,0.39593003970916685,0.020989011945892536,293.0,1.0,1000
synth,gradual,46,SoftMCC,win100,-0.14952713656049052,0.005717238995489676,0.05370878622752885,290.0,1.0,1000
synth,gradual,46,SoftMCC,win250,-0.14952713656049052,0.00031322829224658677,0.018878227931534836,278.0,1.0,1000
synth,gradual,46,SoftMCC,win500,-0.14952713656049052,0.003965309058344052,0.011840973061849733,311.0,1.0,1000
synth,gradual,46,SoftMCC,fad0.99,-0.14952713656049052,0.002856056277351915,0.03320269906535857,290.0,1.0,1000
synth,gradual,46,SoftMCC,fad0.95,-0.14952713656049052,0.011903918081788756,0.10080363097982611,293.0,1.0,1000
synth,gradual,46,SoftMCC,fad0.9,-0.14952713656049052,0.014127141552442962,0.1441674632191322,401.0,1.0,1000
synth,gradual,46,HardMCC@0.5,cum,-0.18410238397001516,0.5170786364933111,0.02779373289296521,331.0,1.0,1000
synth,gradual,46,HardMCC@0.5,win100,-0.18410238397001516,0.013032315353713186,0.08923411526551529,309.0,1.0,1000
synth,gradual,46,HardMCC@0.5,win250,-0.18410238397001516,0.005343005992416244,0.029666977895778532,307.0,1.0,1000
synth,gradual,46,HardMCC@0.5,win500,-0.18410238397001516,0.0014744266802785844,0.02300304537225018,331.0,1.0,1000
synth,gradual,46,HardMCC@0.5,fad0.99,-0.18410238397001516,0.009139394551483715,0.05387740227506409,309.0,1.0,1000
synth,gradual,46,HardMCC@0.5,fad0.95,-0.18410238397001516,0.02007621190711742,0.15685811806135733,335.0,1.0,1000
synth,gradual,46,HardMCC@0.5,fad0.9,-0.18410238397001516,0.02265589341028057,0.22428509017871126,407.0,1.0,1000
synth,gradual,46,AUPRC,cum,0.42978732599183933,0.24476993918717238,0.019424216543476754,,,101
synth,gradual,46,AUPRC,win100,0.42978732599183933,0.01999381780425441,0.046742838268205446,,,101
synth,gradual,46,AUPRC,win250,0.42978732599183933,0.013700564849935037,0.03344140982371116,,,101
synth,gradual,46,AUPRC,win500,0.42978732599183933,0.002572456442234028,0.01553927460881537,,,101
synth,recurring,42,SoftMCC,cum,0.34629675326762005,0.04551445346391292,0.011653569576573923,52.0,1.0,1000
synth,recurring,42,SoftMCC,win100,0.34629675326762005,0.14553072596147618,0.09695631106103907,45.0,1.0,1000
synth,recurring,42,SoftMCC,win250,0.34629675326762005,0.11970567540026014,0.11448731278963323,20.0,1.0,1000
synth,recurring,42,SoftMCC,win500,0.34629675326762005,0.06768140752530022,0.13298929360346043,46.0,1.0,1000
synth,recurring,42,SoftMCC,fad0.99,0.34629675326762005,0.12791729368986435,0.09942247774616068,31.0,1.0,1000
synth,recurring,42,SoftMCC,fad0.95,0.34629675326762005,0.16102108017445177,0.12199441482533618,31.0,1.0,1000
synth,recurring,42,SoftMCC,fad0.9,0.34629675326762005,0.16775675847123964,0.16421563040492643,45.0,1.0,1000
synth,recurring,42,HardMCC@0.5,cum,0.4372224952257454,0.055736529949914404,0.014801481805820022,91.0,1.0,1000
synth,recurring,42,HardMCC@0.5,win100,0.4372224952257454,0.18271995412227415,0.12719340461814327,46.0,1.0,1000
synth,recurring,42,HardMCC@0.5,win250,0.4372224952257454,0.15393472014077114,0.14119609503492841,40.0,1.0,1000
synth,recurring,42,HardMCC@0.5,win500,0.4372224952257454,0.0890286374781829,0.17039989918412674,71.0,1.0,1000
synth,recurring,42,HardMCC@0.5,fad0.99,0.4372224952257454,0.16301107159947703,0.12490779709212194,40.0,1.0,1000
synth,recurring,42,HardMCC@0.5,fad0.95,0.4372224952257454,0.20295374382636075,0.16636662788699927,40.0,1.0,1000
synth,recurring,42,HardMCC@0.5,fad0.9,0.4372224952257454,0.20993473013267253,0.22449107560707163,65.0,1.0,1000
synth,recurring,42,AUPRC,cum,0.7463036235599365,0.036814641886779964,0.008351465678511588,,,101
synth,recurring,42,AUPRC,win100,0.7463036235599365,0.07419139043043699,0.07879063893388882,,,101
synth,recurring,42,AUPRC,win250,0.7463036235599365,0.05780110730821508,0.08555732473799289,,,101
synth,recurring,42,AUPRC,win500,0.7463036235599365,0.0229200650199628,0.09785305947209356,,,101
synth,recurring,43,SoftMCC,cum,0.3787969870878665,0.029666230815090178,0.006546987703583907,77.0,1.0,1000
synth,recurring,43,SoftMCC,win100,0.3787969870878665,0.08846380142124577,0.07730839856273244,33.0,1.0,1000
synth,recurring,43,SoftMCC,win250,0.3787969870878665,0.06993826219708543,0.06694821585492751,61.0,1.0,1000
synth,recurring,43,SoftMCC,win500,0.3787969870878665,0.04090140125264985,0.06749755633912324,123.0,1.0,1000
synth,recurring,43,SoftMCC,fad0.99,0.3787969870878665,0.07615468073084153,0.05625369659590095,31.0,1.0,1000
synth,recurring,43,SoftMCC,fad0.95,0.3787969870878665,0.09993467784522919,0.10309213146646114,63.0,1.0,1000
synth,recurring,43,SoftMCC,fad0.9,0.3787969870878665,0.10619142264747572,0.1459639377325986,546.0,1.0,1000
synth,recurring,43,HardMCC@0.5,cum,0.46570093819244057,0.04041781472654832,0.01005390456935957,117.0,1.0,1000
synth,recurring,43,HardMCC@0.5,win100,0.46570093819244057,0.13172591366132302,0.10961548313572374,29.0,1.0,1000
synth,recurring,43,HardMCC@0.5,win250,0.46570093819244057,0.10935515962645237,0.09393073091888277,33.0,1.0,1000
synth,recurring,43,HardMCC@0.5,win500,0.46570093819244057,0.07120016573618221,0.09621583229051506,132.0,1.0,1000
synth,recurring,43,HardMCC@0.5,fad0.99,0.46570093819244057,0.11706511320516505,0.0841472537997209,30.0,1.0,1000
synth,recurring,43,HardMCC@0.5,fad0.95,0.46570093819244057,0.14673303847294988,0.147344495279834,64.0,1.0,1000
synth,recurring,43,HardMCC@0.5,fad0.9,0.46570093819244057,0.1539544072448411,0.2103072753510261,2413.0,1.0,1000
synth,recurring,43,AUPRC,cum,0.7851746213285611,0.028343538617593977,0.006293493208047956,,,101
synth,recurring,43,AUPRC,win100,0.7851746213285611,0.07670358846650249,0.07038791633816067,,,101
synth,recurring,43,AUPRC,win250,0.7851746213285611,0.06644593942764943,0.055257151150112385,,,101
synth,recurring,43,AUPRC,win500,0.7851746213285611,0.04007152995264596,0.05270491640467663,,,101
synth,recurring,44,SoftMCC,cum,0.1889263671457779,0.050056780928026096,0.013574285739978403,52.0,1.0,1000
synth,recurring,44,SoftMCC,win100,0.1889263671457779,0.18260489918074024,0.10505263434211695,63.0,1.0,1000
synth,recurring,44,SoftMCC,win250,0.1889263671457779,0.1570996276121058,0.11685584247763425,76.0,1.0,1000
synth,recurring,44,SoftMCC,win500,0.1889263671457779,0.10230148258734731,0.14851952316397896,37.0,1.0,1000
synth,recurring,44,SoftMCC,fad0.99,0.1889263671457779,0.16434320642264785,0.09322040142143007,48.0,1.0,1000
synth,recurring,44,SoftMCC,fad0.95,0.1889263671457779,0.19457556796565176,0.13371470399816313,30.0,1.0,1000
synth,recurring,44,SoftMCC,fad0.9,0.1889263671457779,0.19905276481880135,0.1798098422630068,29.0,1.0,1000
synth,recurring,44,HardMCC@0.5,cum,0.24677446782294013,0.06665625756183371,0.017881702509792718,62.0,1.0,1000
synth,recurring,44,HardMCC@0.5,win100,0.24677446782294013,0.23941833609472696,0.13644557573766153,41.0,1.0,1000
synth,recurring,44,HardMCC@0.5,win250,0.24677446782294013,0.21207412494482572,0.1389949578066335,52.0,1.0,1000
synth,recurring,44,HardMCC@0.5,win500,0.24677446782294013,0.1436048439138773,0.18147970533388064,63.0,1.0,1000
synth,recurring,44,HardMCC@0.5,fad0.99,0.24677446782294013,0.21884493535507604,0.11631172921704924,32.0,1.0,1000
synth,recurring,44,HardMCC@0.5,fad0.95,0.24677446782294013,0.25411725700351684,0.18276932196991985,30.0,1.0,1000
synth,recurring,44,HardMCC@0.5,fad0.9,0.24677446782294013,0.25986609270934025,0.2513462700924639,41.0,1.0,1000
synth,recurring,44,AUPRC,cum,0.612242546241351,0.04833790931842741,0.011758807001425809,,,101
synth,recurring,44,AUPRC,win100,0.612242546241351,0.1052288401983642,0.07418363120222245,,,101
synth,recurring,44,AUPRC,win250,0.612242546241351,0.09768988805497547,0.09669181240207211,,,101
synth,recurring,44,AUPRC,win500,0.612242546241351,0.057867939238876565,0.12448332697669605,,,101
synth,recurring,45,SoftMCC,cum,0.13707941748331334,0.04139397919010476,0.012274667616139611,15.0,1.0,1000
synth,recurring,45,SoftMCC,win100,0.13707941748331334,0.17444484804034754,0.0898170758091,23.0,1.0,1000
synth,recurring,45,SoftMCC,win250,0.13707941748331334,0.14102042359047476,0.11338873490233767,36.0,1.0,1000
synth,recurring,45,SoftMCC,win500,0.13707941748331334,0.08616229469815094,0.13270949417821626,12.0,1.0,1000
synth,recurring,45,SoftMCC,fad0.99,0.13707941748331334,0.15233464688534715,0.09149129460512323,24.0,1.0,1000
synth,recurring,45,SoftMCC,fad0.95,0.13707941748331334,0.18388116968864865,0.09301393404507684,23.0,1.0,1000
synth,recurring,45,SoftMCC,fad0.9,0.13707941748331334,0.1864168863372499,0.1238647366841531,24.0,1.0,1000
synth,recurring,45,HardMCC@0.5,cum,0.19814689607760452,0.060444651948644984,0.01868192980589033,8.0,1.0,1000
synth,recurring,45,HardMCC@0.5,win100,0.19814689607760452,0.267653511345983,0.13991848375442706,19.0,1.0,1000
synth,recurring,45,HardMCC@0.5,win250,0.19814689607760452,0.22167088995642104,0.16758657393095103,25.0,1.0,1000
synth,recurring,45,HardMCC@0.5,win500,0.19814689607760452,0.1346049586552165,0.1995013014199436,7.0,1.0,1000
synth,recurring,45,HardMCC@0.5,fad0.99,0.19814689607760452,0.235987178583984,0.13828811940302424,14.0,1.0,1000
synth,recurring,45,HardMCC@0.5,fad0.95,0.19814689607760452,0.2796105340012666,0.15645976583414306,24.0,1.0,1000
synth,recurring,45,HardMCC@0.5,fad0.9,0.19814689607760452,0.2820978835263589,0.2170405169886868,402.0,1.0,1000
synth,recurring,45,AUPRC,cum,0.6115095944944721,0.03286482580367289,0.010556408558122584,,,101
synth,recurring,45,AUPRC,win100,0.6115095944944721,0.1052302862083313,0.0706838321712595,,,101
synth,recurring,45,AUPRC,win250,0.6115095944944721,0.09047124189453248,0.09855141427306628,,,101
synth,recurring,45,AUPRC,win500,0.6115095944944721,0.05008615297290786,0.12068580578179575,,,101
synth,recurring,46,SoftMCC,cum,0.1268427375921432,0.06411110017820412,0.018517487817533065,54.0,1.0,1000
synth,recurring,46,SoftMCC,win100,0.1268427375921432,0.25668369409819586,0.11454990538582283,33.0,1.0,1000
synth,recurring,46,SoftMCC,win250,0.1268427375921432,0.2168477569203924,0.14781209644860552,45.0,1.0,1000
synth,recurring,46,SoftMCC,win500,0.1268427375921432,0.1387119511679682,0.19701831265151842,59.0,1.0,1000
synth,recurring,46,SoftMCC,fad0.99,0.1268427375921432,0.2286695288055482,0.11953714956231543,29.0,1.0,1000
synth,recurring,46,SoftMCC,fad0.95,0.1268427375921432,0.27467796854596727,0.1302413900144504,23.0,1.0,1000
synth,recurring,46,SoftMCC,fad0.9,0.1268427375921432,0.28036964526376795,0.17571681884044335,34.0,1.0,1000
synth,recurring,46,HardMCC@0.5,cum,0.16133003600317247,0.09133054381527894,0.02440966932642971,57.0,1.0,1000
synth,recurring,46,HardMCC@0.5,win100,0.16133003600317247,0.33877433846759886,0.1536309265919157,29.0,1.0,1000
synth,recurring,46,HardMCC@0.5,win250,0.16133003600317247,0.2850785185581501,0.190403472680436,48.0,1.0,1000
synth,recurring,46,HardMCC@0.5,win500,0.16133003600317247,0.18302148904045773,0.2501181913026304,59.0,1.0,1000
synth,recurring,46,HardMCC@0.5,fad0.99,0.16133003600317247,0.3010019808293994,0.1533577368572058,25.0,1.0,1000
synth,recurring,46,HardMCC@0.5,fad0.95,0.16133003600317247,0.363256904112254,0.18003251411992438,23.0,1.0,1000
synth,recurring,46,HardMCC@0.5,fad0.9,0.16133003600317247,0.37192075692682236,0.24560386303873818,29.0,1.0,1000
synth,recurring,46,AUPRC,cum,0.5789354717717247,0.050595882660720015,0.01559921147577755,,,101
synth,recurring,46,AUPRC,win100,0.5789354717717247,0.1388971302640452,0.09423144602419356,,,101
synth,recurring,46,AUPRC,win250,0.5789354717717247,0.12676328995157327,0.10844234215809131,,,101
synth,recurring,46,AUPRC,win500,0.5789354717717247,0.07590427506434405,0.1455818753646256,,,101
real,real_cc,42,SoftMCC,cum,0.5953107464490223,0.10308896115089305,0.010249923644348928,1496.0,1.0,1000
real,real_cc,42,SoftMCC,win100,0.5953107464490223,0.07885473370366902,0.3881516467857757,3000.0,0.0,1000
real,real_cc,42,SoftMCC,win250,0.5953107464490223,0.023097927662039552,0.26918776008991313,3000.0,0.0,1000
real,real_cc,42,SoftMCC,win500,0.5953107464490223,0.11033892733936002,0.129936184324672,1139.0,1.0,1000
real,real_cc,42,SoftMCC,fad0.99,0.5953107464490223,0.06360823809274074,0.185480994108048,3000.0,0.0,1000
real,real_cc,42,SoftMCC,fad0.95,0.5953107464490223,0.11331154383157227,0.365101287380586,3000.0,0.0,1000
real,real_cc,42,SoftMCC,fad0.9,0.5953107464490223,0.23492558701541189,0.3665912557154069,3000.0,0.0,1000
real,real_cc,42,HardMCC@0.5,cum,0.6910079315136628,0.11468862415123682,0.01225298144407641,1010.0,1.0,1000
real,real_cc,42,HardMCC@0.5,win100,0.6910079315136628,0.1410707709078053,0.4342026542053984,3000.0,0.0,1000
real,real_cc,42,HardMCC@0.5,win250,0.6910079315136628,0.00018755568461892302,0.28558776325935203,3000.0,0.0,1000
real,real_cc,42,HardMCC@0.5,win500,0.6910079315136628,0.0847200882832202,0.1251764041358771,1139.0,1.0,1000
real,real_cc,42,HardMCC@0.5,fad0.99,0.6910079315136628,0.057477363055715824,0.18537270092462052,60.0,1.0,1000
real,real_cc,42,HardMCC@0.5,fad0.95,0.6910079315136628,0.02148292020845488,0.3571170248680342,60.0,1.0,1000
real,real_cc,42,HardMCC@0.5,fad0.9,0.6910079315136628,0.08570692233516253,0.42362683317008865,3000.0,0.0,1000
real,real_cc,42,AUPRC,cum,0.6116,0.1807260446036797,0.019788531730723535,,,101
real,real_cc,42,AUPRC,win100,0.6116,0.005054345434543639,0.43036937032600847,,,101
real,real_cc,42,AUPRC,win250,0.6116,0.07872838283828354,0.33389721485137247,,,101
real,real_cc,42,AUPRC,win500,0.6116,0.13537897964399626,0.18925303198486726,,,101
real,real_cc,43,SoftMCC,cum,0.5578091094783538,0.15392623125263294,0.011737105394786531,612.0,1.0,1000
real,real_cc,43,SoftMCC,win100,0.5578091094783538,0.343587176285098,0.3373036588741418,3000.0,0.0,1000
real,real_cc,43,SoftMCC,win250,0.5578091094783538,0.14999786842706014,0.24471557362268048,67.0,1.0,1000
real,real_cc,43,SoftMCC,win500,0.5578091094783538,0.02468170719959728,0.08578580214427534,141.0,1.0,1000
real,real_cc,43,SoftMCC,fad0.99,0.5578091094783538,0.12273728959445596,0.18750076421690667,1229.0,1.0,1000
real,real_cc,43,SoftMCC,fad0.95,0.5578091094783538,0.33687487277782746,0.28999464184209023,3000.0,0.0,1000
real,real_cc,43,SoftMCC,fad0.9,0.5578091094783538,0.39857902810267126,0.27558295255943716,3000.0,0.0,1000
real,real_cc,43,HardMCC@0.5,cum,0.7985494095046904,0.0663771883604859,0.009261894675841872,3000.0,0.0,1000
real,real_cc,43,HardMCC@0.5,win100,0.7985494095046904,0.43540495866005297,0.4414656603869074,3000.0,0.0,1000
real,real_cc,43,HardMCC@0.5,win250,0.7985494095046904,0.15534197776263448,0.346168133183,67.0,1.0,1000
real,real_cc,43,HardMCC@0.5,win500,0.7985494095046904,0.025044611355897195,0.10307731754452655,1320.0,1.0,1000
real,real_cc,43,HardMCC@0.5,fad0.99,0.7985494095046904,0.04894880465486784,0.19535969595560146,1229.0,1.0,1000
real,real_cc,43,HardMCC@0.5,fad0.95,0.7985494095046904,0.1050623450190119,0.41227663507772394,3000.0,0.0,1000
real,real_cc,43,HardMCC@0.5,fad0.9,0.7985494095046904,0.24417493253998424,0.4709652408391237,3000.0,0.0,1000
real,real_cc,43,AUPRC,cum,0.6836832939946336,0.12730484613223292,0.01953613737678779,,,101
real,real_cc,43,AUPRC,win100,0.6836832939946336,0.35179170721112346,0.4182564962277204,,,101
real,real_cc,43,AUPRC,win250,0.6836832939946336,0.1365809197146518,0.3533476762150213,,,101
real,real_cc,43,AUPRC,win500,0.6836832939946336,0.0004800316565974905,0.17542587697129783,,,101
real,real_cc,44,SoftMCC,cum,0.4440212276627969,0.17176880215117468,0.00836399422280004,81.0,1.0,1000
real,real_cc,44,SoftMCC,win100,0.4440212276627969,0.17711626479598142,0.30971550470395504,3000.0,0.0,1000
real,real_cc,44,SoftMCC,win250,0.4440212276627969,0.012567364537052816,0.16774802952956594,3000.0,0.0,1000
real,real_cc,44,SoftMCC,win500,0.4440212276627969,0.01300264488769648,0.05458008233762806,51.0,1.0,1000
real,real_cc,44,SoftMCC,fad0.99,0.4440212276627969,0.045564463770550734,0.17578386544086455,722.0,1.0,1000
real,real_cc,44,SoftMCC,fad0.95,0.4440212276627969,0.20847570074031804,0.28206090240557674,3000.0,0.0,1000
real,real_cc,44,SoftMCC,fad0.9,0.4440212276627969,0.27907698522332397,0.2672170618824273,3000.0,0.0,1000
real,real_cc,44,HardMCC@0.5,cum,0.5203852312254902,0.18677868183294388,0.005791010891762155,366.0,1.0,1000
real,real_cc,44,HardMCC@0.5,win100,0.5203852312254902,0.23878813828860385,0.3974968957654649,3000.0,0.0,1000
real,real_cc,44,HardMCC@0.5,win250,0.5203852312254902,0.04181057253955056,0.3385296623026024,3000.0,0.0,1000
real,real_cc,44,HardMCC@0.5,win500,0.5203852312254902,0.09242886806400852,0.12324932297445748,0.0,1.0,1000
real,real_cc,44,HardMCC@0.5,fad0.99,0.5203852312254902,0.03825141314777836,0.2374521389002347,0.0,1.0,1000
real,real_cc,44,HardMCC@0.5,fad0.95,0.5203852312254902,0.07915762489772349,0.4048411989625765,3000.0,0.0,1000
real,real_cc,44,HardMCC@0.5,fad0.9,0.5203852312254902,0.08117647467998246,0.4416193150044303,3000.0,0.0,1000
real,real_cc,44,AUPRC,cum,0.647169017242353,0.13659160521430969,0.008852030274493687,,,101
real,real_cc,44,AUPRC,win100,0.647169017242353,0.24332109582110328,0.44756568963241244,,,101
real,real_cc,44,AUPRC,win250,0.647169017242353,0.06539990498174486,0.23103343064051948,,,101
real,real_cc,44,AUPRC,win500,0.647169017242353,0.06552748508579709,0.07326802274401754,,,101
real,real_cc,45,SoftMCC,cum,0.5213395284164082,0.10151272302248082,0.00639385736092669,151.0,1.0,1000
real,real_cc,45,SoftMCC,win100,0.5213395284164082,0.10868082500467463,0.32948367474234497,3000.0,0.0,1000
real,real_cc,45,SoftMCC,win250,0.5213395284164082,0.019648143137065643,0.14445343806149066,264.0,1.0,1000
real,real_cc,45,SoftMCC,win500,0.5213395284164082,0.025295612840161463,0.11430521339852001,76.0,1.0,1000
real,real_cc,45,SoftMCC,fad0.99,0.5213395284164082,0.0038605634351231988,0.1719877787344591,715.0,1.0,1000
real,real_cc,45,SoftMCC,fad0.95,0.5213395284164082,0.15088784755464968,0.2928115346056916,3000.0,0.0,1000
real,real_cc,45,SoftMCC,fad0.9,0.5213395284164082,0.2558755754872353,0.3024939436295546,3000.0,0.0,1000
real,real_cc,45,HardMCC@0.5,cum,0.5932197178590135,0.16599946422356282,0.00837636572110037,24.0,1.0,1000
real,real_cc,45,HardMCC@0.5,win100,0.5932197178590135,0.209794984162828,0.43446174066118803,3000.0,0.0,1000
real,real_cc,45,HardMCC@0.5,win250,0.5932197178590135,0.021734669925290828,0.23694274680140362,298.0,1.0,1000
real,real_cc,45,HardMCC@0.5,win500,0.5932197178590135,0.018023807872626474,0.17307781488192325,76.0,1.0,1000
real,real_cc,45,HardMCC@0.5,fad0.99,0.5932197178590135,0.005409470757143819,0.24939675411828977,298.0,1.0,1000
real,real_cc,45,HardMCC@0.5,fad0.95,0.5932197178590135,0.13642638144576508,0.39816452247057255,298.0,1.0,1000
real,real_cc,45,HardMCC@0.5,fad0.9,0.5932197178590135,0.18411823312545245,0.4327321318211123,298.0,1.0,1000
real,real_cc,45,AUPRC,cum,0.7056895537864809,0.06823145686713461,0.006861107101880662,,,101
real,real_cc,45,AUPRC,win100,0.7056895537864809,0.0677357584069429,0.42631482251751035,,,101
real,real_cc,45,AUPRC,win250,0.7056895537864809,0.07789366717297741,0.19504439928757003,,,101
real,real_cc,45,AUPRC,win500,0.7056895537864809,0.0315917758537686,0.19938725832313192,,,101
real,real_cc,46,SoftMCC,cum,0.6832796823399206,0.053533826623706204,0.005786475534584298,3000.0,0.0,1000
real,real_cc,46,SoftMCC,win100,0.6832796823399206,0.21574397209499896,0.39374331595368955,3000.0,0.0,1000
real,real_cc,46,SoftMCC,win250,0.6832796823399206,0.014648814819061329,0.18848423810365939,2342.0,1.0,1000
real,real_cc,46,SoftMCC,win500,0.6832796823399206,0.025402047940552452,0.0652294383779008,3000.0,0.0,1000
real,real_cc,46,SoftMCC,fad0.99,0.6832796823399206,0.017138709279510334,0.13604055835918705,444.0,1.0,1000
real,real_cc,46,SoftMCC,fad0.95,0.6832796823399206,0.24512886074248558,0.3562017981718606,3000.0,0.0,1000
real,real_cc,46,SoftMCC,fad0.9,0.6832796823399206,0.37714041563973866,0.3665679362138092,3000.0,0.0,1000
real,real_cc,46,HardMCC@0.5,cum,0.7422975135210682,0.0011288865369858403,0.004252577703674984,1712.0,1.0,1000
real,real_cc,46,HardMCC@0.5,win100,0.7422975135210682,0.19317307264985617,0.4493400357511273,3000.0,0.0,1000
real,real_cc,46,HardMCC@0.5,win250,0.7422975135210682,0.043902924552210676,0.1591982184814245,2342.0,1.0,1000
real,real_cc,46,HardMCC@0.5,win500,0.7422975135210682,0.06454716557159634,0.05216025063458182,3000.0,0.0,1000
real,real_cc,46,HardMCC@0.5,fad0.99,0.7422975135210682,0.034912236843787636,0.15440839305206996,1453.0,1.0,1000
real,real_cc,46,HardMCC@0.5,fad0.95,0.7422975135210682,0.0718768684295864,0.42191823655625466,212.0,1.0,1000
real,real_cc,46,HardMCC@0.5,fad0.9,0.7422975135210682,0.08949698827613728,0.4623443031995344,212.0,1.0,1000
real,real_cc,46,AUPRC,cum,0.8186714080380098,0.0670381343273948,0.006343311604899191,,,101
real,real_cc,46,AUPRC,win100,0.8186714080380098,0.28812372551035426,0.46258045695879113,,,101
real,real_cc,46,AUPRC,win250,0.8186714080380098,0.010804159299909522,0.21070321754483046,,,101
real,real_cc,46,AUPRC,win500,0.8186714080380098,0.022691765892090432,0.0718711414353044,,,101
real,real_iot,42,SoftMCC,cum,0.05227123758767277,0.25254237044122135,0.017474271705443096,47.0,1.0,1000
real,real_iot,42,SoftMCC,win100,0.05227123758767277,0.02835100721036521,0.052681114143023094,3000.0,0.0,1000
real,real_iot,42,SoftMCC,win250,0.05227123758767277,0.02280833076468103,0.03615080170982061,118.0,1.0,1000
real,real_iot,42,SoftMCC,win500,0.05227123758767277,0.018512265583168375,0.026602518481044102,46.0,1.0,1000
real,real_iot,42,SoftMCC,fad0.99,0.05227123758767277,0.024673608215546265,0.03897824839259338,69.0,1.0,1000
real,real_iot,42,SoftMCC,fad0.95,0.05227123758767277,0.0296904419321079,0.08128966076693432,3000.0,0.0,1000
real,real_iot,42,SoftMCC,fad0.9,0.05227123758767277,0.02980939807915175,0.10336997302708986,3000.0,0.0,1000
real,real_iot,42,HardMCC@0.5,cum,0.024619522915881823,0.3495720819017645,0.02201891886354919,60.0,1.0,1000
real,real_iot,42,HardMCC@0.5,win100,0.024619522915881823,0.028680984147580108,0.10815039572785215,3000.0,0.0,1000
real,real_iot,42,HardMCC@0.5,win250,0.024619522915881823,0.024352811244374675,0.06900409666892308,139.0,1.0,1000
real,real_iot,42,HardMCC@0.5,win500,0.024619522915881823,0.018836085945754824,0.04469808036157937,47.0,1.0,1000
real,real_iot,42,HardMCC@0.5,fad0.99,0.024619522915881823,0.02853215448000631,0.0721213388002863,110.0,1.0,1000
real,real_iot,42,HardMCC@0.5,fad0.95,0.024619522915881823,0.033553545318658465,0.1327033883640141,3000.0,0.0,1000
real,real_iot,42,HardMCC@0.5,fad0.9,0.024619522915881823,0.03213580756357544,0.14896819010982046,3000.0,0.0,1000
real,real_iot,42,AUPRC,cum,0.12595009480284852,0.2687336478082142,0.024344471471728153,,,101
real,real_iot,42,AUPRC,win100,0.12595009480284852,0.02119343349534933,0.058086011245670616,,,101
real,real_iot,42,AUPRC,win250,0.12595009480284852,0.004699067608086999,0.03367294973954748,,,101
real,real_iot,42,AUPRC,win500,0.12595009480284852,0.0024844691202596386,0.019362576010446664,,,101
real,real_iot,43,SoftMCC,cum,0.3279193156100421,0.054479145081135216,0.0059982921429563175,80.0,1.0,1000
real,real_iot,43,SoftMCC,win100,0.3279193156100421,0.029083123239844466,0.10119827972152202,148.0,1.0,1000
real,real_iot,43,SoftMCC,win250,0.3279193156100421,0.0334095476702958,0.05878293077568696,146.0,1.0,1000
real,real_iot,43,SoftMCC,win500,0.3279193156100421,0.039223437030116326,0.042154277848133,79.0,1.0,1000
real,real_iot,43,SoftMCC,fad0.99,0.3279193156100421,0.02904083215633496,0.06869401653174736,115.0,1.0,1000
real,real_iot,43,SoftMCC,fad0.95,0.3279193156100421,0.035139594689449716,0.14569839672384077,3000.0,0.0,1000
real,real_iot,43,SoftMCC,fad0.9,0.3279193156100421,0.0576009745694645,0.19423832118938356,3000.0,0.0,1000
real,real_iot,43,HardMCC@0.5,cum,0.4086875224540213,0.04354885632645228,0.003784391782784231,115.0,1.0,1000
real,real_iot,43,HardMCC@0.5,win100,0.4086875224540213,0.009310855919994643,0.1294630114721399,148.0,1.0,1000
real,real_iot,43,HardMCC@0.5,win250,0.4086875224540213,0.015922474794621166,0.09607562299601376,180.0,1.0,1000
real,real_iot,43,HardMCC@0.5,win500,0.4086875224540213,0.03399483287742899,0.08078505951763416,116.0,1.0,1000
real,real_iot,43,HardMCC@0.5,fad0.99,0.4086875224540213,0.011002903554692245,0.1006903349300389,139.0,1.0,1000
real,real_iot,43,HardMCC@0.5,fad0.95,0.4086875224540213,0.0076988006119633745,0.18780944675954186,3000.0,0.0,1000
real,real_iot,43,HardMCC@0.5,fad0.9,0.4086875224540213,0.021117638235857383,0.2681214145944042,3000.0,0.0,1000
real,real_iot,43,AUPRC,cum,0.391005855696738,0.047099841995417335,0.009268662684622106,,,101
real,real_iot,43,AUPRC,win100,0.391005855696738,0.02744451419751126,0.18864395703677195,,,101
real,real_iot,43,AUPRC,win250,0.391005855696738,0.036056648445373984,0.10031185746875532,,,101
real,real_iot,43,AUPRC,win500,0.391005855696738,0.05627595190786955,0.06899312309123602,,,101
real,real_iot,44,SoftMCC,cum,0.1821703823197628,0.1402894043071024,0.009166983418516364,13.0,1.0,1000
real,real_iot,44,SoftMCC,win100,0.1821703823197628,0.027231070123901968,0.07916804102184041,34.0,1.0,1000
real,real_iot,44,SoftMCC,win250,0.1821703823197628,0.029486529006937934,0.03612166749803718,8.0,1.0,1000
real,real_iot,44,SoftMCC,win500,0.1821703823197628,0.031057941778523113,0.017060321601929388,15.0,1.0,1000
real,real_iot,44,SoftMCC,fad0.99,0.1821703823197628,0.02787695033274623,0.04901649696548505,12.0,1.0,1000
real,real_iot,44,SoftMCC,fad0.95,0.1821703823197628,0.021132887421277002,0.1296541402858931,50.0,1.0,1000
real,real_iot,44,SoftMCC,fad0.9,0.1821703823197628,0.007099615551283994,0.17398024746843183,3000.0,0.0,1000
real,real_iot,44,HardMCC@0.5,cum,0.20282741940989651,0.1692813221054391,0.011863824046663756,15.0,1.0,1000
real,real_iot,44,HardMCC@0.5,win100,0.20282741940989651,0.02232659737818582,0.08898825037914675,64.0,1.0,1000
real,real_iot,44,HardMCC@0.5,win250,0.20282741940989651,0.02407458945280158,0.040887357911029217,8.0,1.0,1000
real,real_iot,44,HardMCC@0.5,win500,0.20282741940989651,0.028539222019376254,0.019798734647280488,12.0,1.0,1000
real,real_iot,44,HardMCC@0.5,fad0.99,0.20282741940989651,0.023192874945517222,0.053160085547327554,28.0,1.0,1000
real,real_iot,44,HardMCC@0.5,fad0.95,0.20282741940989651,0.022250834572474232,0.1419304054262122,50.0,1.0,1000
real,real_iot,44,HardMCC@0.5,fad0.9,0.20282741940989651,0.010788304481388733,0.19911544867839678,3000.0,0.0,1000
real,real_iot,44,AUPRC,cum,0.3671927949542407,0.08620609801308932,0.005368400461085652,,,101
real,real_iot,44,AUPRC,win100,0.3671927949542407,0.09766112599381088,0.1606874450685371,,,101
real,real_iot,44,AUPRC,win250,0.3671927949542407,0.08312857610923369,0.07981758230547355,,,101
real,real_iot,44,AUPRC,win500,0.3671927949542407,0.07161985493052381,0.04319208512887161,,,101
real,real_iot,45,SoftMCC,cum,0.27387236186105257,0.09047230282509733,0.007588836335195459,14.0,1.0,1000
real,real_iot,45,SoftMCC,win100,0.27387236186105257,0.0057333234330912974,0.07242157227536221,53.0,1.0,1000
real,real_iot,45,SoftMCC,win250,0.27387236186105257,0.005812067531747067,0.03636128478853031,42.0,1.0,1000
real,real_iot,45,SoftMCC,win500,0.27387236186105257,0.0069302109807599654,0.013561297530369568,7.0,1.0,1000
real,real_iot,45,SoftMCC,fad0.99,0.27387236186105257,0.004888791147555582,0.046516828559285794,31.0,1.0,1000
real,real_iot,45,SoftMCC,fad0.95,0.27387236186105257,0.00939085557244107,0.11989570062396508,3000.0,0.0,1000
real,real_iot,45,SoftMCC,fad0.9,0.27387236186105257,0.0215144462412713,0.1666051377710132,3000.0,0.0,1000
real,real_iot,45,HardMCC@0.5,cum,0.3416352057939622,0.05597397574783791,0.00475214801588091,3.0,1.0,1000
real,real_iot,45,HardMCC@0.5,win100,0.3416352057939622,0.007460264334586464,0.06352463379102445,83.0,1.0,1000
real,real_iot,45,HardMCC@0.5,win250,0.3416352057939622,0.0038470280148943936,0.03502620087809491,8.0,1.0,1000
real,real_iot,45,HardMCC@0.5,win500,0.3416352057939622,0.0026194227732631026,0.01803605869546026,11.0,1.0,1000
real,real_iot,45,HardMCC@0.5,fad0.99,0.3416352057939622,0.00617392331784794,0.04484071505589613,8.0,1.0,1000
real,real_iot,45,HardMCC@0.5,fad0.95,0.3416352057939622,0.00465566052125832,0.1369267186955658,910.0,1.0,1000
real,real_iot,45,HardMCC@0.5,fad0.9,0.3416352057939622,0.010864995457761484,0.20356622442497938,3000.0,0.0,1000
real,real_iot,45,AUPRC,cum,0.4702031789735207,0.0429646124053612,0.005512408684046379,,,101
real,real_iot,45,AUPRC,win100,0.4702031789735207,0.025109380712720175,0.18106864384460478,,,101
real,real_iot,45,AUPRC,win250,0.4702031789735207,0.012174682085561106,0.09886763202676253,,,101
real,real_iot,45,AUPRC,win500,0.4702031789735207,0.009019878334306508,0.04798754534240446,,,101
real,real_iot,46,SoftMCC,cum,0.3641928726590978,0.06869488007403779,0.00592977474239303,38.0,1.0,1000
real,real_iot,46,SoftMCC,win100,0.3641928726590978,0.007314464705801937,0.08147030905897429,184.0,1.0,1000
real,real_iot,46,SoftMCC,win250,0.3641928726590978,0.010081392530841005,0.04127039682582773,144.0,1.0,1000
real,real_iot,46,SoftMCC,win500,0.3641928726590978,0.0033280696241865804,0.024008336940647107,33.0,1.0,1000
real,real_iot,46,SoftMCC,fad0.99,0.3641928726590978,0.005708548676090719,0.05105366047600737,140.0,1.0,1000
real,real_iot,46,SoftMCC,fad0.95,0.3641928726590978,0.007467586688802597,0.1297055818976906,3000.0,0.0,1000
real,real_iot,46,SoftMCC,fad0.9,0.3641928726590978,0.030506235315511443,0.18772773811533924,3000.0,0.0,1000
real,real_iot,46,HardMCC@0.5,cum,0.37902191541223573,0.11191722356505801,0.008983092974053013,9.0,1.0,1000
real,real_iot,46,HardMCC@0.5,win100,0.37902191541223573,0.008547983940469461,0.08843544624138103,30.0,1.0,1000
real,real_iot,46,HardMCC@0.5,win250,0.37902191541223573,0.012025504531638254,0.04518703681044214,47.0,1.0,1000
real,real_iot,46,HardMCC@0.5,win500,0.37902191541223573,0.00795611931922946,0.026279086177748517,0.0,1.0,1000
real,real_iot,46,HardMCC@0.5,fad0.99,0.37902191541223573,0.007510669799974223,0.055791741957827226,14.0,1.0,1000
real,real_iot,46,HardMCC@0.5,fad0.95,0.37902191541223573,0.005718783113219605,0.13822805617374814,142.0,1.0,1000
real,real_iot,46,HardMCC@0.5,fad0.9,0.37902191541223573,0.027891537384550802,0.20129480348465476,3000.0,0.0,1000
real,real_iot,46,AUPRC,cum,0.2469835598656806,0.08073258149799667,0.010003768982449259,,,101
real,real_iot,46,AUPRC,win100,0.2469835598656806,0.0123566268081024,0.09012671699785317,,,101
real,real_iot,46,AUPRC,win250,0.2469835598656806,0.0065946788850541616,0.04730508066906179,,,101
real,real_iot,46,AUPRC,win500,0.2469835598656806,0.0043306367338570295,0.024355241983707653,,,101
