regime,family,estimator,n_pairs,mean_gap_est,mean_gap_cum,mean_diff_est_minus_cum,diff_bca95_lo,diff_bca95_hi,relative_gap_closure,wilcoxon_p,cliffs_delta,holm_p
abrupt,regime_abrupt,fad0.9,5,0.009346357606789986,0.24033260954649083,-0.23098625193970085,-0.31036525658899816,-0.1600445366441631,0.9611107388823026,0.0625,-1.0,0.375
abrupt,regime_abrupt,fad0.95,5,0.01130346280064,0.24033260954649083,-0.22902914674585081,-0.3166041673245822,-0.1630396949038177,0.9529674195153014,0.0625,-1.0,0.375
abrupt,regime_abrupt,fad0.99,5,0.011481028918058581,0.24033260954649083,-0.22885158062843228,-0.3153376245669446,-0.1578716639741926,0.9522285846241357,0.0625,-1.0,0.375
abrupt,regime_abrupt,win100,5,0.01214425808587502,0.24033260954649083,-0.22818835146061583,-0.31136085170824196,-0.16128101521281146,0.9494689542557675,0.0625,-1.0,0.375
abrupt,regime_abrupt,win250,5,0.010724176194782581,0.24033260954649083,-0.22960843335170825,-0.31043274412162014,-0.15921810186043947,0.95537777326192,0.0625,-1.0,0.375
abrupt,regime_abrupt,win500,5,0.013532725843186799,0.24033260954649083,-0.226799883703304,-0.3110073012886082,-0.1638328077747378,0.9436916785047738,0.0625,-1.0,0.375
gradual,regime_gradual,fad0.9,5,0.00803305006901396,0.27354790600625034,-0.26551485593723634,-0.34024148070951865,-0.20993718926243427,0.97063384550346,0.0625,-1.0,0.375
gradual,regime_gradual,fad0.95,5,0.0075810715564969215,0.27354790600625034,-0.2659668344497534,-0.3413737144572685,-0.20805792319135855,0.9722861283489557,0.0625,-1.0,0.375
gradual,regime_gradual,fad0.99,5,0.0060573413276334,0.27354790600625034,-0.2674905646786169,-0.35746080379555056,-0.2154900822154325,0.9778563783687935,0.0625,-1.0,0.375
gradual,regime_gradual,win100,5,0.007626243348770841,0.27354790600625034,-0.2659216626574795,-0.34438024425177277,-0.21156983906324087,0.9721209953273462,0.0625,-1.0,0.375
gradual,regime_gradual,win250,5,0.0061210110935035,0.27354790600625034,-0.2674268949127468,-0.34143161358713536,-0.2116373429337403,0.9776236229191195,0.0625,-1.0,0.375
gradual,regime_gradual,win500,5,0.00537634649785632,0.27354790600625034,-0.268171559508394,-0.34843077674885775,-0.21191955351969552,0.9803458685634617,0.0625,-1.0,0.375
real_cc,regime_real_cc,fad0.9,5,0.30911951829367623,0.11676610884017749,0.1923534094534987,0.13103573938766536,0.273967083272578,-1.6473393809425756,0.0625,1.0,0.375
real_cc,regime_real_cc,fad0.95,5,0.21093576512937057,0.11676610884017749,0.09416965628919309,0.026113172225757715,0.15888812849413517,-0.8064810690684265,0.0625,0.68,0.375
real_cc,regime_real_cc,fad0.99,5,0.05058185283447612,0.11676610884017749,-0.06618425600570135,-0.10824249417333828,-0.03720524563536596,0.5668104954642588,0.0625,-0.68,0.375
real_cc,regime_real_cc,win100,5,0.1847965943768844,0.11676610884017749,0.06803048553670692,-0.005756957657050643,0.14218205659794192,-0.5826218430318711,0.3125,0.52,0.375
real_cc,regime_real_cc,win250,5,0.04399202371645584,0.11676610884017749,-0.07277408512372165,-0.1275172759640145,-0.03349826582917013,0.6232466410498209,0.0625,-0.76,0.375
real_cc,regime_real_cc,win500,5,0.0397441880414735,0.11676610884017749,-0.07702192079870399,-0.1304476945630694,-0.023596147034338554,0.6596256530520117,0.125,-0.76,0.375
real_iot,regime_real_iot,fad0.9,5,0.02930613395133656,0.12129562054571878,-0.0919894865943822,-0.1687838630207942,-0.027818297424844006,0.7583908320824421,0.125,-0.92,0.375
real_iot,regime_real_iot,fad0.95,5,0.02056427326081562,0.12129562054571878,-0.10073134728490316,-0.17375874993316437,-0.05241385773478376,0.8304615354690815,0.0625,-1.0,0.375
real_iot,regime_real_iot,fad0.99,5,0.0184377461056547,0.12129562054571878,-0.10285787444006408,-0.19489227606012946,-0.06237178457988912,0.8479933073960149,0.0625,-1.0,0.375
real_iot,regime_real_iot,win100,5,0.01954259774260092,0.12129562054571878,-0.10175302280311786,-0.19162917365833204,-0.05732224172045074,0.8388845561322322,0.0625,-1.0,0.375
real_iot,regime_real_iot,win250,5,0.020319573500900544,0.12129562054571878,-0.10097604704481825,-0.18216157392598997,-0.05403380904164734,0.8324789187745311,0.0625,-1.0,0.375
real_iot,regime_real_iot,win500,5,0.019810384999350818,0.12129562054571878,-0.10148523554636797,-0.17897277378941515,-0.05622753832701001,0.8366768320978203,0.0625,-1.0,0.375
recurring,regime_recurring,fad0.9,5,0.18795749550770688,0.04614850891506756,0.1418089865926393,0.10469582848141751,0.18400278483095872,-3.072883391542594,0.0625,1.0,0.375
recurring,regime_recurring,fad0.95,5,0.18281809284398967,0.04614850891506756,0.1366695839289221,0.09956226372531732,0.17834520377029076,-2.9615167887111897,0.0625,1.0,0.375
recurring,regime_recurring,fad0.99,5,0.14988387130684977,0.04614850891506756,0.10373536239178223,0.07293848858742366,0.1380729103205211,-2.2478594612981007,0.0625,1.0,0.375
recurring,regime_recurring,win100,5,0.16954559374040107,0.04614850891506756,0.12339708482533349,0.08352879174100017,0.1621569846215562,-2.6739127162214826,0.0625,1.0,0.375
recurring,regime_recurring,win250,5,0.14092234914406368,0.04614850891506756,0.09477384022899613,0.06041003255328259,0.12640552731265645,-2.053670691752267,0.0625,1.0,0.375
recurring,regime_recurring,win500,5,0.08715170744628328,0.04614850891506756,0.041003198531215715,0.02012815617642252,0.059642841738000184,-0.8885053817402887,0.0625,0.68,0.375
