metric_family,family,estimator,n_pairs,mean_gap_est,mean_gap_cum,mean_diff_est_minus_cum,diff_bca95_lo,diff_bca95_hi,relative_gap_closure,wilcoxon_p,cliffs_delta,holm_p
AUPRC,AUPRC,win100,25,0.07334731911886071,0.1274297105811354,-0.05408239146227468,-0.10418352576190244,1.6797254423904452e-05,0.4244095918856822,0.08513903617858887,-0.5072,0.08513903617858887
AUPRC,AUPRC,win250,25,0.04239574731855017,0.1274297105811354,-0.08503396326258522,-0.1262090199836218,-0.046229087033665045,0.6673009212225762,0.0012963414192199707,-0.6832,0.0025926828384399414
AUPRC,AUPRC,win500,25,0.02969313554037217,0.1274297105811354,-0.0977365750407632,-0.13739707647209073,-0.06522761583176262,0.7669842032464373,1.8298625946044922e-05,-0.8016,5.4895877838134766e-05
HardMCC@0.5,HardMCC@0.5,fad0.9,25,0.0896265580049824,0.19911171569043393,-0.10948515768545151,-0.19608053316398208,-0.02457065438020292,0.5498679839368273,0.029578447341918945,-0.5168,0.05915689468383789
HardMCC@0.5,HardMCC@0.5,fad0.95,25,0.07671912300286346,0.19911171569043393,-0.12239259268757045,-0.20439964700944394,-0.04130399917223414,0.6146930745011705,0.014722049236297607,-0.568,0.04416614770889282
HardMCC@0.5,HardMCC@0.5,fad0.99,25,0.059505670785089365,0.19911171569043393,-0.13960604490534456,-0.21595073054490316,-0.05978130683438298,0.701144301933965,0.0037809014320373535,-0.6864,0.018904507160186768
HardMCC@0.5,HardMCC@0.5,win100,25,0.10594983627115641,0.19911171569043393,-0.09316187941927748,-0.1914095627308525,0.0009731262087916693,0.46788748264141183,0.0801958441734314,-0.4368,0.0801958441734314
HardMCC@0.5,HardMCC@0.5,win250,25,0.06049573772793775,0.19911171569043393,-0.13861597796249614,-0.2112050899513087,-0.06211595770363708,0.6961718826094151,0.0041751861572265625,-0.68,0.018904507160186768
HardMCC@0.5,HardMCC@0.5,win500,25,0.04678266872660166,0.19911171569043393,-0.15232904696383223,-0.22405605967228576,-0.08517843368936906,0.7650431137859242,0.0005564093589782715,-0.6992,0.003338456153869629
SoftMCC,SoftMCC,fad0.9,25,0.10875251108570472,0.159618150770741,-0.05086563968503628,-0.12408949803154272,0.0340260091202484,0.31867077421399126,0.21998637914657593,-0.3696,0.21998637914657593
SoftMCC,SoftMCC,fad0.95,25,0.08664053311826254,0.159618150770741,-0.07297761765247844,-0.14119239270729544,-0.00643741236529324,0.4572012474749113,0.06670159101486206,-0.4752,0.13340318202972412
SoftMCC,SoftMCC,fad0.99,25,0.04728836809853451,0.159618150770741,-0.11232978267220645,-0.16837662443700624,-0.05336429785667753,0.703740659374269,0.0018156766891479492,-0.728,0.007262706756591797
SoftMCC,SoftMCC,win100,25,0.07873105745890645,0.159618150770741,-0.08088709331183455,-0.15072514385834013,-0.013312402056449488,0.5067537302039393,0.036682069301605225,-0.52,0.11004620790481567
SoftMCC,SoftMCC,win250,25,0.044415826729941224,0.159618150770741,-0.11520232404079976,-0.17239372938905362,-0.05860196272776347,0.7217369922142672,0.0009118914604187012,-0.7536,0.004559457302093506
SoftMCC,SoftMCC,win500,25,0.03312307056563014,0.159618150770741,-0.12649508020511085,-0.18133008623067598,-0.07903762745472986,0.7924855637878102,0.000102996826171875,-0.8368,0.00061798095703125
