experiment_family,stream_type,regime,seed,n_total,n_pre,n_post,t0,transition_width,recurring_period,oracle_segment_start,oracle_segment_end,evaluation_tail_start,evaluation_tail_end,feature_count,flipped_feature_indices,real_cache_source,warmup,permuted_feature_indices,calibration_regime,calibration_g,calibration_b0,notes
main_drift,synthetic,abrupt,42,6000,3000,3000,3000,0,,3500,5999,5000,5999,10,"[3,7,1,2,8]",,,,,,,Pooled post-onset target for recurring drift; interpreted with regime caveat.
main_drift,synthetic,abrupt,43,6000,3000,3000,3000,0,,3500,5999,5000,5999,10,"[3,1,0,8,6]",,,,,,,Pooled post-onset target for recurring drift; interpreted with regime caveat.
main_drift,synthetic,abrupt,44,6000,3000,3000,3000,0,,3500,5999,5000,5999,10,"[2,6,7,3,4]",,,,,,,Pooled post-onset target for recurring drift; interpreted with regime caveat.
main_drift,synthetic,abrupt,45,6000,3000,3000,3000,0,,3500,5999,5000,5999,10,"[3,6,4,1,7]",,,,,,,Pooled post-onset target for recurring drift; interpreted with regime caveat.
main_drift,synthetic,abrupt,46,6000,3000,3000,3000,0,,3500,5999,5000,5999,10,"[5,1,7,6,3]",,,,,,,Pooled post-onset target for recurring drift; interpreted with regime caveat.
main_drift,synthetic,gradual,42,6000,3000,3000,3000,1000,,4500,5999,5000,5999,10,"[3,7,1,2,8]",,,,,,,Pooled post-onset target for recurring drift; interpreted with regime caveat.
main_drift,synthetic,gradual,43,6000,3000,3000,3000,1000,,4500,5999,5000,5999,10,"[3,1,0,8,6]",,,,,,,Pooled post-onset target for recurring drift; interpreted with regime caveat.
main_drift,synthetic,gradual,44,6000,3000,3000,3000,1000,,4500,5999,5000,5999,10,"[2,6,7,3,4]",,,,,,,Pooled post-onset target for recurring drift; interpreted with regime caveat.
main_drift,synthetic,gradual,45,6000,3000,3000,3000,1000,,4500,5999,5000,5999,10,"[3,6,4,1,7]",,,,,,,Pooled post-onset target for recurring drift; interpreted with regime caveat.
main_drift,synthetic,gradual,46,6000,3000,3000,3000,1000,,4500,5999,5000,5999,10,"[5,1,7,6,3]",,,,,,,Pooled post-onset target for recurring drift; interpreted with regime caveat.
main_drift,synthetic,recurring,42,6000,3000,3000,1000,0,1000,1500,5999,5000,5999,10,"[3,7,1,2,8]",,,,,,,Pooled post-onset target for recurring drift; interpreted with regime caveat.
main_drift,synthetic,recurring,43,6000,3000,3000,1000,0,1000,1500,5999,5000,5999,10,"[3,1,0,8,6]",,,,,,,Pooled post-onset target for recurring drift; interpreted with regime caveat.
main_drift,synthetic,recurring,44,6000,3000,3000,1000,0,1000,1500,5999,5000,5999,10,"[2,6,7,3,4]",,,,,,,Pooled post-onset target for recurring drift; interpreted with regime caveat.
main_drift,synthetic,recurring,45,6000,3000,3000,1000,0,1000,1500,5999,5000,5999,10,"[3,6,4,1,7]",,,,,,,Pooled post-onset target for recurring drift; interpreted with regime caveat.
main_drift,synthetic,recurring,46,6000,3000,3000,1000,0,1000,1500,5999,5000,5999,10,"[5,1,7,6,3]",,,,,,,Pooled post-onset target for recurring drift; interpreted with regime caveat.
main_drift,semi_synthetic_real_cache,real_cc,42,6000,3000,3000,3000,0,,3500,5999,5000,5999,,,creditcard_pi10.npz,4000,"[27,3,4,21,28,12,10,18,7]",,,,Sample order is a simulation assumption; column permutation is applied only after t0.
main_drift,semi_synthetic_real_cache,real_cc,43,6000,3000,3000,3000,0,,3500,5999,5000,5999,,,creditcard_pi10.npz,4000,"[10,1,14,26,3,24,17,22,21]",,,,Sample order is a simulation assumption; column permutation is applied only after t0.
main_drift,semi_synthetic_real_cache,real_cc,44,6000,3000,3000,3000,0,,3500,5999,5000,5999,,,creditcard_pi10.npz,4000,"[22,4,20,18,24,16,14,2,9]",,,,Sample order is a simulation assumption; column permutation is applied only after t0.
main_drift,semi_synthetic_real_cache,real_cc,45,6000,3000,3000,3000,0,,3500,5999,5000,5999,,,creditcard_pi10.npz,4000,"[4,1,17,20,13,0,2,26,8]",,,,Sample order is a simulation assumption; column permutation is applied only after t0.
main_drift,semi_synthetic_real_cache,real_cc,46,6000,3000,3000,3000,0,,3500,5999,5000,5999,,,creditcard_pi10.npz,4000,"[17,27,8,7,12,1,0,20,10]",,,,Sample order is a simulation assumption; column permutation is applied only after t0.
main_drift,semi_synthetic_real_cache,real_iot,42,6000,3000,3000,3000,0,,3500,5999,5000,5999,,,iotid20_compact.npz,4000,"[35,50,69,4,63,22,68,11,2,58,52,73,37,44,38,71,17,67,14,43,65,19,29,26,1,74]",,,,Sample order is a simulation assumption; column permutation is applied only after t0.
main_drift,semi_synthetic_real_cache,real_iot,43,6000,3000,3000,3000,0,,3500,5999,5000,5999,,,iotid20_compact.npz,4000,"[21,19,71,58,16,60,43,11,38,23,47,28,17,41,30,42,77,22,44,70,32,45,69,7,50,75]",,,,Sample order is a simulation assumption; column permutation is applied only after t0.
main_drift,semi_synthetic_real_cache,real_iot,44,6000,3000,3000,3000,0,,3500,5999,5000,5999,,,iotid20_compact.npz,4000,"[18,32,68,43,75,19,58,73,46,48,13,47,71,36,61,78,14,17,72,49,77,27,25,59,40,69]",,,,Sample order is a simulation assumption; column permutation is applied only after t0.
main_drift,semi_synthetic_real_cache,real_iot,45,6000,3000,3000,3000,0,,3500,5999,5000,5999,,,iotid20_compact.npz,4000,"[46,30,0,38,49,74,57,76,47,40,70,18,59,68,31,3,63,19,13,37,34,69,51,66,53,41]",,,,Sample order is a simulation assumption; column permutation is applied only after t0.
main_drift,semi_synthetic_real_cache,real_iot,46,6000,3000,3000,3000,0,,3500,5999,5000,5999,,,iotid20_compact.npz,4000,"[42,70,1,47,25,39,19,59,38,66,43,65,67,18,35,31,36,37,22,2,12,32,50,76,0,63]",,,,Sample order is a simulation assumption; column permutation is applied only after t0.
joint_concept_calibration,synthetic,abrupt,42,6000,3000,3000,3000,0,,3500,5999,5000,5999,10,"[3,7,1,2,8]",,,,under,0.45,0.0,Calibration distortion is applied to post-drift probabilities only.
joint_concept_calibration,synthetic,abrupt,43,6000,3000,3000,3000,0,,3500,5999,5000,5999,10,"[3,1,0,8,6]",,,,under,0.45,0.0,Calibration distortion is applied to post-drift probabilities only.
joint_concept_calibration,synthetic,abrupt,44,6000,3000,3000,3000,0,,3500,5999,5000,5999,10,"[2,6,7,3,4]",,,,under,0.45,0.0,Calibration distortion is applied to post-drift probabilities only.
joint_concept_calibration,synthetic,abrupt,45,6000,3000,3000,3000,0,,3500,5999,5000,5999,10,"[3,6,4,1,7]",,,,under,0.45,0.0,Calibration distortion is applied to post-drift probabilities only.
joint_concept_calibration,synthetic,abrupt,46,6000,3000,3000,3000,0,,3500,5999,5000,5999,10,"[5,1,7,6,3]",,,,under,0.45,0.0,Calibration distortion is applied to post-drift probabilities only.
joint_concept_calibration,synthetic,abrupt,42,6000,3000,3000,3000,0,,3500,5999,5000,5999,10,"[3,7,1,2,8]",,,,over,2.2,0.0,Calibration distortion is applied to post-drift probabilities only.
joint_concept_calibration,synthetic,abrupt,43,6000,3000,3000,3000,0,,3500,5999,5000,5999,10,"[3,1,0,8,6]",,,,over,2.2,0.0,Calibration distortion is applied to post-drift probabilities only.
joint_concept_calibration,synthetic,abrupt,44,6000,3000,3000,3000,0,,3500,5999,5000,5999,10,"[2,6,7,3,4]",,,,over,2.2,0.0,Calibration distortion is applied to post-drift probabilities only.
joint_concept_calibration,synthetic,abrupt,45,6000,3000,3000,3000,0,,3500,5999,5000,5999,10,"[3,6,4,1,7]",,,,over,2.2,0.0,Calibration distortion is applied to post-drift probabilities only.
joint_concept_calibration,synthetic,abrupt,46,6000,3000,3000,3000,0,,3500,5999,5000,5999,10,"[5,1,7,6,3]",,,,over,2.2,0.0,Calibration distortion is applied to post-drift probabilities only.
joint_concept_calibration,synthetic,abrupt,42,6000,3000,3000,3000,0,,3500,5999,5000,5999,10,"[3,7,1,2,8]",,,,shift,1.0,1.1,Calibration distortion is applied to post-drift probabilities only.
joint_concept_calibration,synthetic,abrupt,43,6000,3000,3000,3000,0,,3500,5999,5000,5999,10,"[3,1,0,8,6]",,,,shift,1.0,1.1,Calibration distortion is applied to post-drift probabilities only.
joint_concept_calibration,synthetic,abrupt,44,6000,3000,3000,3000,0,,3500,5999,5000,5999,10,"[2,6,7,3,4]",,,,shift,1.0,1.1,Calibration distortion is applied to post-drift probabilities only.
joint_concept_calibration,synthetic,abrupt,45,6000,3000,3000,3000,0,,3500,5999,5000,5999,10,"[3,6,4,1,7]",,,,shift,1.0,1.1,Calibration distortion is applied to post-drift probabilities only.
joint_concept_calibration,synthetic,abrupt,46,6000,3000,3000,3000,0,,3500,5999,5000,5999,10,"[5,1,7,6,3]",,,,shift,1.0,1.1,Calibration distortion is applied to post-drift probabilities only.
