seed,estimator,steady_state,cumulative_full,abs_diff_vs_batch,trace_sd
42,cum,0.6342493731018218,0.632468061374976,0.0017813117268458134,0.0009088642562326026
42,win100,0.6262716369751672,0.632468061374976,0.006196424399808831,0.043206429730604096
42,win250,0.6292387080258521,0.632468061374976,0.003229353349123887,0.02664012587872066
42,win500,0.6372219029221696,0.632468061374976,0.004753841547193605,0.02052808381064399
42,fad0.99,0.6282005853928645,0.632468061374976,0.004267475982111524,0.029357962191251735
42,fad0.95,0.6197029979975793,0.632468061374976,0.01276506337739669,0.07750424035599952
42,fad0.9,0.6135971626518884,0.632468061374976,0.01887089872308767,0.11468929576198421
43,cum,0.5527417806086681,0.5500948549635127,0.0026469256451553402,0.0016927566160125265
43,win100,0.5172120769858566,0.5500948549635127,0.03288277797765615,0.0751255467147801
43,win250,0.5270240612138725,0.5500948549635127,0.023070793749640273,0.04722671646477749
43,win500,0.532601113994411,0.5500948549635127,0.017493740969101723,0.020964209303941536
43,fad0.99,0.5232240581378353,0.5500948549635127,0.02687079682567739,0.05041036310785161
43,fad0.95,0.5176032820792915,0.5500948549635127,0.03249157288422122,0.10278454725662076
43,fad0.9,0.5157236482744719,0.5500948549635127,0.03437120668904081,0.13819276712043957
44,cum,0.5109585439237976,0.5094151986016774,0.0015433453221201932,0.0013930840800125252
44,win100,0.4832041301774012,0.5094151986016774,0.026211068424276174,0.03202231938045543
44,win250,0.4854781306887132,0.5094151986016774,0.023937067912964183,0.020236915205939655
44,win500,0.48135067189604197,0.5094151986016774,0.028064526705635418,0.012719709365956065
44,fad0.99,0.48350591979573937,0.5094151986016774,0.02590927880593802,0.022482140540278073
44,fad0.95,0.4814034589131182,0.5094151986016774,0.02801173968855919,0.0674350131789333
44,fad0.9,0.47898807295648316,0.5094151986016774,0.03042712564519423,0.10763463762145263
45,cum,0.5646476610228733,0.5631005270448595,0.0015471339780138704,0.0016148045970162284
45,win100,0.5419703615018922,0.5631005270448595,0.021130165542967316,0.05636759743886954
45,win250,0.5434518388272879,0.5631005270448595,0.019648688217571597,0.029929161629890514
45,win500,0.54738322061495,0.5631005270448595,0.015717306429909428,0.022515956269561793
45,fad0.99,0.5431539742728709,0.5631005270448595,0.019946552771988535,0.03471635465543073
45,fad0.95,0.5370056484840768,0.5631005270448595,0.02609487856078263,0.08477392302606448
45,fad0.9,0.5315358988352152,0.5631005270448595,0.03156462820964423,0.11487484970004148
46,cum,0.5889039553040882,0.587617617205575,0.0012863380985131956,0.0014067891983813648
46,win100,0.5632738884882197,0.587617617205575,0.02434372871735535,0.056160757764008966
46,win250,0.5693076896573014,0.587617617205575,0.018309927548273652,0.020778364670739357
46,win500,0.5753783776637703,0.587617617205575,0.012239239541804725,0.017659215896194617
46,fad0.99,0.5678623120722485,0.587617617205575,0.019755305133326573,0.030922191875922614
46,fad0.95,0.5600181701103657,0.587617617205575,0.02759944709520934,0.09723200590191462
46,fad0.9,0.5558357393746198,0.587617617205575,0.03178187783095521,0.13911475682036156
